,iso2,1975,1976,1977,1978,1979,1980,1981,1982,1983,1984,1985,1986,1987,1988,1989,1990,1991,1992,1993,1994,1995,1996,1997,1998,1999,2000,2001,2002,2003,2004,2005,2006,2007,2008,2009,2010,2011,2012,2013,2014,2015,2016,2017,2018,10745,1986,1993,1994,1995,1996,1997,1998,1999,2000,Mammalia,iso3
0,AD,0.0,0.0,0.0,0.0,0.0,0.0,0.0,0.0,0.0,0.0,0.0,0.0,0.0,0.0,0.0,0.0,0.0,0.0,0.0,0.0,0.0,0.0,0.0,1.0,1.0,0.0,1.0,3.0,1.0,0.0,0.0,0.0,1.0,1.0,0.0,24.0,1.0,2.0,3.0,1.0,2.0,5.0,13.0,0.0,0.0,0.0,0.0,0.0,0.0,0.0,0.0,0.0,0.0,0.0,0.0,AND
1,AE,0.0,0.0,1.0,6.0,1.0,8.0,8.0,10.0,14.0,7.0,29.0,26.0,9.0,12.0,13.0,25.0,24.0,94.0,68.0,112.0,35.0,41.0,175.0,484.0,300.0,803.0,619.0,287.0,475.0,316.0,1487.0,2062.0,2169.0,2072.0,3046.0,2988.0,3864.0,3875.0,4617.0,6181.0,6450.0,6206.0,6361.0,3.0,0.0,0.0,0.0,0.0,0.0,0.0,4.0,13.0,4.0,0.0,0.0,ARE
2,AF,0.0,0.0,1.0,1.0,1.0,2.0,0.0,2.0,3.0,0.0,1.0,0.0,3.0,0.0,1.0,0.0,0.0,2.0,0.0,0.0,0.0,0.0,0.0,1.0,0.0,0.0,0.0,7.0,5.0,13.0,0.0,13.0,40.0,0.0,0.0,3.0,0.0,0.0,0.0,2.0,12.0,0.0,9.0,0.0,0.0,0.0,0.0,0.0,0.0,0.0,0.0,0.0,0.0,0.0,0.0,AFG
3,AG,0.0,0.0,8.0,0.0,0.0,0.0,0.0,1.0,1.0,5.0,1.0,1.0,0.0,4.0,4.0,2.0,4.0,11.0,2.0,2.0,0.0,1.0,20.0,5.0,3.0,4.0,8.0,7.0,6.0,94.0,16.0,6.0,6.0,4.0,6.0,4.0,1.0,10.0,4.0,4.0,9.0,11.0,0.0,0.0,0.0,0.0,0.0,0.0,0.0,0.0,2.0,0.0,0.0,0.0,0.0,ATG
4,AI,0.0,0.0,0.0,0.0,0.0,0.0,0.0,0.0,0.0,0.0,0.0,0.0,0.0,0.0,0.0,0.0,0.0,0.0,0.0,0.0,1.0,1.0,1.0,1.0,0.0,1.0,0.0,0.0,0.0,11.0,3.0,3.0,3.0,4.0,3.0,0.0,1.0,0.0,0.0,2.0,1.0,0.0,10.0,0.0,0.0,0.0,0.0,0.0,0.0,0.0,0.0,0.0,0.0,0.0,0.0,AIA
5,AL,0.0,0.0,0.0,0.0,4.0,0.0,1.0,0.0,3.0,4.0,0.0,0.0,0.0,0.0,6.0,0.0,0.0,0.0,0.0,0.0,0.0,0.0,1.0,3.0,0.0,0.0,2.0,5.0,7.0,3.0,5.0,1.0,1.0,2.0,3.0,12.0,7.0,5.0,8.0,16.0,6.0,17.0,10.0,0.0,0.0,0.0,0.0,0.0,0.0,0.0,0.0,1.0,0.0,0.0,0.0,ALB
6,AM,0.0,0.0,0.0,0.0,0.0,0.0,0.0,0.0,0.0,0.0,0.0,0.0,0.0,0.0,0.0,0.0,0.0,0.0,0.0,0.0,0.0,0.0,0.0,1.0,4.0,8.0,3.0,13.0,8.0,25.0,5.0,5.0,27.0,11.0,4.0,170.0,688.0,1090.0,1444.0,1683.0,2303.0,2391.0,51.0,0.0,0.0,0.0,0.0,0.0,0.0,0.0,0.0,0.0,0.0,0.0,0.0,ARM
7,AN,0.0,0.0,0.0,0.0,1.0,14.0,1.0,0.0,8.0,13.0,25.0,20.0,26.0,15.0,24.0,17.0,18.0,30.0,49.0,68.0,28.0,28.0,52.0,34.0,44.0,55.0,30.0,37.0,30.0,26.0,9.0,44.0,38.0,48.0,32.0,25.0,2.0,0.0,1.0,1.0,0.0,1.0,0.0,0.0,0.0,0.0,0.0,0.0,0.0,0.0,0.0,0.0,0.0,0.0,0.0,ANT
8,AO,0.0,0.0,0.0,0.0,0.0,0.0,10.0,11.0,26.0,13.0,4.0,6.0,7.0,6.0,4.0,8.0,6.0,14.0,20.0,23.0,11.0,58.0,19.0,24.0,7.0,6.0,12.0,15.0,13.0,25.0,10.0,4.0,6.0,29.0,0.0,2.0,3.0,0.0,4.0,3.0,5.0,0.0,64.0,0.0,0.0,0.0,0.0,0.0,0.0,1.0,27.0,10.0,1.0,0.0,0.0,AGO
9,AQ,0.0,0.0,0.0,0.0,0.0,0.0,0.0,0.0,0.0,4.0,0.0,0.0,0.0,0.0,1.0,0.0,0.0,0.0,0.0,0.0,0.0,1.0,2.0,0.0,2.0,2.0,4.0,1.0,10.0,8.0,8.0,13.0,13.0,15.0,21.0,9.0,17.0,19.0,18.0,15.0,10.0,28.0,19.0,0.0,0.0,0.0,0.0,0.0,0.0,0.0,0.0,0.0,0.0,0.0,0.0,ATA
10,AR,0.0,8.0,27.0,58.0,75.0,95.0,1300.0,1475.0,1926.0,1948.0,3082.0,3667.0,3594.0,4525.0,4041.0,3043.0,2607.0,2017.0,1762.0,1601.0,1158.0,1041.0,697.0,956.0,971.0,1233.0,1309.0,2035.0,2363.0,2465.0,3543.0,3812.0,3275.0,3220.0,2101.0,2162.0,2444.0,2531.0,1880.0,721.0,1559.0,1572.0,1358.0,0.0,0.0,0.0,0.0,1.0,2.0,0.0,8.0,56.0,57.0,0.0,0.0,ARG
11,AS,0.0,0.0,0.0,0.0,0.0,0.0,0.0,0.0,0.0,2.0,0.0,0.0,0.0,1.0,2.0,0.0,0.0,0.0,1.0,2.0,4.0,14.0,6.0,2.0,1.0,3.0,3.0,1.0,1.0,3.0,1.0,0.0,0.0,1.0,1.0,0.0,0.0,0.0,0.0,0.0,0.0,0.0,0.0,0.0,0.0,0.0,0.0,0.0,0.0,0.0,0.0,0.0,0.0,0.0,0.0,ASM
12,AT,0.0,4.0,12.0,39.0,52.0,97.0,193.0,542.0,696.0,859.0,1144.0,1457.0,1612.0,1804.0,2304.0,2646.0,1687.0,1496.0,1054.0,1175.0,2402.0,600.0,702.0,741.0,2913.0,3048.0,3846.0,4475.0,5429.0,5647.0,6123.0,6979.0,7108.0,8282.0,7495.0,8960.0,8775.0,8798.0,9612.0,9518.0,9149.0,9500.0,7884.0,0.0,0.0,0.0,0.0,0.0,0.0,11.0,17.0,36.0,88.0,0.0,0.0,AUT
13,AU,0.0,2.0,62.0,146.0,159.0,148.0,391.0,2674.0,3122.0,1970.0,1841.0,1549.0,2188.0,1879.0,2019.0,3489.0,3995.0,3799.0,1401.0,1502.0,1695.0,3173.0,4019.0,5232.0,4669.0,4280.0,7913.0,2575.0,2355.0,2278.0,3271.0,3941.0,5956.0,9949.0,14591.0,18231.0,17249.0,29322.0,21525.0,29318.0,30868.0,14704.0,14765.0,0.0,0.0,0.0,0.0,0.0,0.0,0.0,0.0,1.0,0.0,0.0,0.0,AUS
14,AW,0.0,0.0,0.0,0.0,0.0,0.0,0.0,0.0,0.0,0.0,2.0,3.0,1.0,0.0,6.0,4.0,13.0,9.0,2.0,2.0,2.0,4.0,12.0,3.0,4.0,5.0,3.0,4.0,79.0,2.0,5.0,5.0,50.0,33.0,32.0,18.0,36.0,45.0,44.0,3.0,42.0,31.0,2.0,0.0,0.0,0.0,0.0,0.0,0.0,0.0,1.0,0.0,0.0,0.0,0.0,ABW
15,AZ,0.0,0.0,0.0,0.0,0.0,0.0,0.0,0.0,0.0,0.0,0.0,0.0,0.0,0.0,0.0,0.0,0.0,0.0,0.0,0.0,0.0,1.0,1.0,2.0,9.0,25.0,45.0,101.0,195.0,212.0,165.0,8.0,79.0,54.0,35.0,73.0,24.0,21.0,21.0,14.0,41.0,12.0,19.0,0.0,0.0,0.0,0.0,0.0,0.0,0.0,0.0,0.0,0.0,0.0,0.0,AZE
16,BA,0.0,0.0,0.0,0.0,0.0,0.0,0.0,0.0,0.0,0.0,0.0,0.0,0.0,0.0,0.0,0.0,0.0,0.0,0.0,0.0,1.0,0.0,0.0,0.0,0.0,1.0,1.0,4.0,19.0,7.0,9.0,3.0,23.0,15.0,9.0,14.0,9.0,8.0,10.0,13.0,1.0,2.0,4.0,0.0,0.0,0.0,0.0,0.0,0.0,0.0,0.0,0.0,0.0,0.0,0.0,BIH
17,BB,0.0,5.0,0.0,0.0,16.0,9.0,17.0,7.0,11.0,6.0,15.0,14.0,11.0,23.0,24.0,16.0,26.0,18.0,37.0,33.0,44.0,77.0,66.0,79.0,75.0,110.0,131.0,125.0,147.0,173.0,187.0,212.0,265.0,278.0,60.0,255.0,199.0,187.0,139.0,112.0,147.0,194.0,55.0,0.0,0.0,0.0,0.0,0.0,0.0,0.0,3.0,3.0,19.0,0.0,0.0,BRB
18,BD,0.0,1.0,0.0,1.0,2.0,6.0,2.0,3.0,6.0,17.0,67.0,131.0,130.0,150.0,121.0,3.0,90.0,84.0,52.0,6.0,3.0,26.0,12.0,8.0,1.0,7.0,40.0,3.0,1.0,3.0,7.0,4.0,10.0,12.0,29.0,16.0,14.0,60.0,57.0,61.0,41.0,5.0,8.0,0.0,0.0,0.0,0.0,0.0,0.0,0.0,0.0,4.0,0.0,0.0,0.0,BGD
19,BE,2.0,29.0,96.0,95.0,62.0,87.0,309.0,347.0,387.0,685.0,951.0,1034.0,833.0,1042.0,1022.0,936.0,1185.0,1025.0,1149.0,1396.0,1723.0,1088.0,812.0,1529.0,1555.0,4190.0,7683.0,2374.0,9674.0,2661.0,1649.0,2570.0,2629.0,3002.0,1900.0,2430.0,2966.0,3651.0,4344.0,4023.0,5127.0,5241.0,5436.0,2.0,0.0,0.0,0.0,0.0,0.0,2.0,61.0,130.0,84.0,0.0,0.0,BEL
20,BF,0.0,0.0,0.0,0.0,0.0,0.0,2.0,1.0,5.0,3.0,2.0,4.0,20.0,8.0,8.0,17.0,24.0,90.0,21.0,40.0,20.0,14.0,13.0,19.0,44.0,49.0,40.0,22.0,38.0,20.0,33.0,40.0,50.0,57.0,33.0,30.0,9.0,41.0,48.0,44.0,37.0,16.0,2.0,0.0,0.0,0.0,0.0,0.0,0.0,0.0,0.0,0.0,0.0,0.0,0.0,BFA
21,BG,0.0,0.0,1.0,2.0,5.0,0.0,2.0,1.0,5.0,2.0,0.0,0.0,0.0,1.0,11.0,2.0,16.0,8.0,15.0,27.0,22.0,20.0,63.0,182.0,203.0,318.0,219.0,233.0,271.0,242.0,274.0,186.0,36.0,43.0,47.0,63.0,109.0,104.0,90.0,71.0,130.0,125.0,168.0,7.0,0.0,0.0,0.0,0.0,0.0,0.0,1.0,3.0,8.0,0.0,0.0,BGR
22,BH,0.0,0.0,0.0,0.0,2.0,1.0,2.0,3.0,6.0,4.0,9.0,6.0,9.0,0.0,2.0,6.0,1.0,3.0,17.0,2.0,3.0,1.0,12.0,11.0,7.0,17.0,3.0,28.0,60.0,90.0,135.0,40.0,72.0,104.0,162.0,114.0,158.0,218.0,88.0,103.0,62.0,99.0,46.0,0.0,0.0,0.0,0.0,0.0,0.0,0.0,0.0,1.0,0.0,0.0,0.0,BHR
23,BI,0.0,2.0,0.0,4.0,10.0,22.0,2.0,1.0,4.0,15.0,2.0,19.0,8.0,8.0,66.0,113.0,359.0,225.0,32.0,6.0,21.0,5.0,5.0,6.0,15.0,8.0,23.0,14.0,50.0,22.0,2.0,0.0,11.0,4.0,4.0,0.0,9.0,14.0,10.0,2.0,3.0,22.0,16.0,0.0,0.0,0.0,0.0,0.0,0.0,0.0,0.0,0.0,0.0,0.0,0.0,BDI
24,BJ,0.0,0.0,0.0,0.0,1.0,1.0,2.0,7.0,2.0,3.0,7.0,12.0,3.0,4.0,9.0,19.0,32.0,126.0,534.0,999.0,457.0,307.0,787.0,910.0,882.0,632.0,731.0,614.0,258.0,375.0,305.0,153.0,348.0,392.0,259.0,292.0,324.0,447.0,292.0,174.0,290.0,216.0,1078.0,0.0,0.0,0.0,0.0,0.0,0.0,1.0,43.0,52.0,44.0,0.0,0.0,BEN
25,BL,0.0,0.0,0.0,0.0,0.0,0.0,0.0,0.0,0.0,0.0,0.0,0.0,0.0,0.0,0.0,0.0,0.0,0.0,0.0,0.0,0.0,0.0,0.0,0.0,0.0,0.0,0.0,0.0,0.0,0.0,0.0,0.0,0.0,0.0,0.0,0.0,0.0,0.0,1.0,0.0,1.0,6.0,5.0,0.0,0.0,0.0,0.0,0.0,0.0,0.0,0.0,0.0,0.0,0.0,0.0,BLM
26,BM,0.0,0.0,0.0,15.0,12.0,7.0,1.0,1.0,13.0,1.0,6.0,29.0,18.0,32.0,27.0,32.0,11.0,43.0,55.0,33.0,1.0,39.0,18.0,28.0,24.0,24.0,19.0,16.0,40.0,29.0,37.0,12.0,30.0,10.0,89.0,55.0,52.0,26.0,42.0,24.0,37.0,72.0,28.0,0.0,0.0,0.0,0.0,0.0,0.0,1.0,4.0,1.0,1.0,0.0,0.0,BMU
27,BN,0.0,0.0,0.0,0.0,0.0,4.0,5.0,1.0,1.0,3.0,1.0,13.0,3.0,69.0,116.0,146.0,1.0,56.0,9.0,6.0,1.0,8.0,21.0,37.0,8.0,0.0,19.0,15.0,17.0,6.0,12.0,21.0,8.0,5.0,23.0,13.0,24.0,57.0,36.0,3.0,0.0,0.0,0.0,0.0,0.0,0.0,0.0,0.0,0.0,0.0,0.0,0.0,0.0,0.0,0.0,BRN
28,BO,0.0,1.0,24.0,28.0,32.0,122.0,625.0,693.0,573.0,278.0,85.0,61.0,22.0,69.0,21.0,19.0,10.0,20.0,9.0,21.0,15.0,296.0,415.0,470.0,251.0,218.0,390.0,410.0,585.0,651.0,783.0,936.0,825.0,931.0,703.0,590.0,629.0,597.0,515.0,541.0,401.0,319.0,129.0,0.0,0.0,0.0,0.0,0.0,0.0,4.0,1.0,1.0,1.0,0.0,0.0,BOL
29,BQ,0.0,0.0,0.0,0.0,0.0,0.0,0.0,0.0,0.0,0.0,0.0,0.0,0.0,0.0,0.0,0.0,0.0,0.0,0.0,0.0,0.0,0.0,0.0,0.0,0.0,0.0,0.0,0.0,0.0,0.0,0.0,0.0,0.0,0.0,0.0,0.0,2.0,10.0,17.0,11.0,38.0,55.0,20.0,0.0,0.0,0.0,0.0,0.0,0.0,0.0,0.0,0.0,0.0,0.0,0.0,NONE
30,BR,0.0,20.0,33.0,82.0,121.0,230.0,1774.0,2078.0,3498.0,5604.0,5744.0,6097.0,7475.0,7896.0,9513.0,30004.0,21787.0,16545.0,15317.0,10479.0,3240.0,3455.0,2611.0,6541.0,6687.0,5673.0,6579.0,5977.0,5160.0,6528.0,8641.0,7269.0,8605.0,7175.0,6374.0,6351.0,4364.0,4702.0,3710.0,3784.0,4601.0,5060.0,5435.0,0.0,0.0,0.0,0.0,0.0,0.0,158.0,259.0,731.0,687.0,0.0,0.0,BRA
31,BS,0.0,0.0,0.0,2.0,1.0,10.0,9.0,23.0,6.0,10.0,9.0,13.0,14.0,12.0,5.0,7.0,19.0,17.0,119.0,25.0,120.0,171.0,44.0,115.0,129.0,245.0,222.0,284.0,108.0,148.0,240.0,210.0,203.0,821.0,527.0,439.0,484.0,356.0,320.0,321.0,309.0,259.0,156.0,0.0,0.0,0.0,0.0,0.0,0.0,0.0,4.0,2.0,13.0,0.0,0.0,BHS
32,BT,0.0,0.0,0.0,0.0,0.0,0.0,0.0,0.0,0.0,3.0,8.0,7.0,0.0,6.0,0.0,2.0,0.0,1.0,1.0,0.0,0.0,0.0,0.0,0.0,1.0,0.0,0.0,0.0,0.0,0.0,0.0,0.0,0.0,9.0,4.0,2.0,3.0,3.0,6.0,0.0,0.0,0.0,0.0,0.0,0.0,0.0,0.0,0.0,0.0,0.0,0.0,0.0,0.0,0.0,0.0,BTN
33,BW,1.0,2.0,21.0,113.0,245.0,77.0,521.0,259.0,243.0,449.0,1016.0,1180.0,1100.0,1185.0,1125.0,667.0,604.0,630.0,724.0,504.0,424.0,337.0,471.0,469.0,448.0,1296.0,768.0,926.0,919.0,817.0,809.0,913.0,773.0,911.0,724.0,884.0,676.0,1166.0,866.0,612.0,182.0,107.0,51.0,17.0,0.0,0.0,0.0,0.0,0.0,0.0,193.0,180.0,442.0,0.0,0.0,BWA
34,BY,0.0,0.0,0.0,0.0,0.0,0.0,0.0,0.0,0.0,0.0,0.0,0.0,0.0,0.0,0.0,0.0,0.0,0.0,1.0,0.0,1.0,0.0,6.0,6.0,20.0,31.0,30.0,28.0,22.0,28.0,28.0,30.0,45.0,31.0,27.0,19.0,36.0,39.0,2.0,36.0,96.0,121.0,194.0,0.0,0.0,0.0,0.0,0.0,0.0,0.0,0.0,0.0,2.0,0.0,0.0,BLR
35,BZ,0.0,0.0,5.0,4.0,24.0,25.0,27.0,27.0,81.0,162.0,345.0,201.0,356.0,130.0,203.0,369.0,199.0,647.0,792.0,495.0,374.0,1028.0,673.0,467.0,709.0,767.0,465.0,399.0,915.0,900.0,457.0,288.0,224.0,900.0,698.0,775.0,631.0,418.0,630.0,1067.0,1136.0,156.0,126.0,0.0,0.0,0.0,0.0,0.0,0.0,19.0,11.0,15.0,32.0,0.0,0.0,BLZ
36,C,0.0,0.0,0.0,0.0,0.0,0.0,0.0,0.0,0.0,0.0,0.0,0.0,0.0,0.0,0.0,0.0,0.0,0.0,0.0,0.0,0.0,0.0,0.0,0.0,0.0,0.0,0.0,0.0,0.0,0.0,0.0,0.0,0.0,0.0,0.0,0.0,0.0,0.0,0.0,0.0,0.0,0.0,0.0,0.0,1.0,0.0,0.0,0.0,0.0,0.0,0.0,0.0,0.0,0.0,0.0,NONE
37,CA,21.0,62.0,274.0,474.0,659.0,868.0,1724.0,1993.0,2292.0,2210.0,3088.0,4098.0,10906.0,11415.0,11395.0,10575.0,12069.0,33734.0,44313.0,44859.0,55692.0,49458.0,64719.0,49835.0,76330.0,87986.0,102166.0,103228.0,99955.0,102428.0,107474.0,95249.0,86532.0,69159.0,81393.0,51858.0,42057.0,55620.0,51510.0,50922.0,55522.0,54633.0,39583.0,1.0,0.0,0.0,0.0,0.0,28.0,50.0,3782.0,460.0,541.0,0.0,0.0,CAN
38,CC,0.0,0.0,0.0,0.0,0.0,0.0,0.0,0.0,0.0,0.0,0.0,0.0,0.0,1.0,1.0,0.0,0.0,0.0,0.0,2.0,0.0,0.0,0.0,0.0,0.0,0.0,0.0,0.0,0.0,1.0,8.0,8.0,10.0,3.0,4.0,12.0,73.0,5.0,7.0,1.0,0.0,0.0,0.0,0.0,0.0,0.0,0.0,0.0,0.0,0.0,0.0,0.0,0.0,0.0,0.0,CCK
39,CD,0.0,0.0,1.0,14.0,19.0,36.0,131.0,62.0,77.0,98.0,416.0,337.0,604.0,445.0,365.0,83.0,168.0,209.0,369.0,512.0,587.0,738.0,544.0,578.0,416.0,413.0,331.0,72.0,385.0,477.0,652.0,463.0,453.0,495.0,357.0,455.0,424.0,469.0,439.0,448.0,203.0,190.0,252.0,192.0,0.0,0.0,0.0,0.0,0.0,0.0,2.0,4.0,2.0,0.0,0.0,COD
40,CF,0.0,0.0,2.0,9.0,31.0,47.0,22.0,40.0,220.0,57.0,464.0,450.0,405.0,172.0,157.0,152.0,85.0,111.0,52.0,204.0,239.0,156.0,182.0,175.0,193.0,220.0,331.0,239.0,118.0,45.0,242.0,209.0,248.0,73.0,184.0,200.0,52.0,151.0,43.0,53.0,33.0,17.0,15.0,0.0,0.0,0.0,0.0,0.0,0.0,1.0,0.0,0.0,3.0,0.0,0.0,CAF
41,CG,0.0,0.0,0.0,0.0,9.0,31.0,52.0,28.0,115.0,156.0,92.0,108.0,149.0,235.0,186.0,110.0,75.0,73.0,117.0,100.0,29.0,57.0,23.0,79.0,59.0,131.0,253.0,172.0,174.0,68.0,144.0,25.0,51.0,54.0,62.0,36.0,69.0,73.0,110.0,68.0,75.0,71.0,39.0,0.0,0.0,0.0,0.0,0.0,0.0,0.0,3.0,4.0,1.0,0.0,0.0,COG
42,CH,28.0,97.0,150.0,236.0,403.0,661.0,1581.0,1798.0,6132.0,2494.0,3650.0,3998.0,4600.0,5924.0,7736.0,8832.0,8469.0,8823.0,6586.0,8225.0,10455.0,11381.0,14008.0,16055.0,20322.0,29630.0,33618.0,33229.0,40399.0,44297.0,51173.0,149082.0,151557.0,157078.0,151179.0,164701.0,191580.0,196389.0,197538.0,194084.0,212082.0,197408.0,72377.0,11.0,0.0,0.0,0.0,0.0,0.0,5.0,148.0,175.0,167.0,0.0,0.0,CHE
43,CI,0.0,0.0,1.0,2.0,7.0,11.0,31.0,27.0,43.0,71.0,89.0,87.0,89.0,76.0,97.0,54.0,48.0,78.0,37.0,38.0,44.0,30.0,130.0,61.0,80.0,108.0,224.0,208.0,251.0,239.0,326.0,40.0,85.0,66.0,37.0,31.0,191.0,222.0,375.0,308.0,323.0,309.0,224.0,0.0,0.0,0.0,0.0,0.0,0.0,1.0,7.0,7.0,8.0,0.0,0.0,CIV
44,CK,0.0,0.0,0.0,0.0,0.0,0.0,0.0,0.0,0.0,0.0,0.0,0.0,0.0,5.0,1.0,50.0,75.0,68.0,156.0,162.0,142.0,84.0,375.0,511.0,564.0,555.0,910.0,1126.0,935.0,900.0,1093.0,658.0,841.0,567.0,583.0,530.0,350.0,457.0,365.0,220.0,6.0,228.0,165.0,0.0,0.0,0.0,0.0,0.0,0.0,0.0,0.0,0.0,0.0,0.0,0.0,COK
45,CL,0.0,0.0,17.0,4.0,18.0,7.0,5.0,689.0,1321.0,144.0,85.0,156.0,178.0,199.0,241.0,205.0,316.0,246.0,210.0,527.0,697.0,735.0,536.0,238.0,430.0,367.0,318.0,437.0,461.0,542.0,364.0,304.0,249.0,346.0,211.0,206.0,128.0,149.0,115.0,100.0,145.0,107.0,124.0,0.0,0.0,0.0,0.0,0.0,0.0,0.0,8.0,0.0,24.0,0.0,0.0,CHL
46,CM,0.0,3.0,6.0,6.0,13.0,79.0,191.0,123.0,248.0,380.0,548.0,667.0,848.0,941.0,251.0,273.0,692.0,695.0,624.0,999.0,1050.0,1133.0,1073.0,1127.0,1457.0,1183.0,943.0,946.0,661.0,1080.0,1295.0,864.0,1062.0,311.0,617.0,246.0,432.0,241.0,456.0,303.0,335.0,470.0,256.0,0.0,0.0,0.0,0.0,0.0,0.0,30.0,30.0,38.0,75.0,0.0,0.0,CMR
47,CN,0.0,1.0,5.0,7.0,18.0,54.0,346.0,372.0,777.0,293.0,1250.0,1712.0,1662.0,1797.0,1782.0,1645.0,3697.0,2932.0,1410.0,1421.0,1616.0,1918.0,1874.0,2230.0,3847.0,4835.0,5309.0,6891.0,8166.0,9820.0,10354.0,11013.0,13355.0,14042.0,13785.0,16236.0,12829.0,11128.0,10120.0,11611.0,11092.0,12480.0,19615.0,0.0,0.0,0.0,0.0,0.0,0.0,44.0,268.0,254.0,433.0,0.0,0.0,CHN
48,CO,0.0,6.0,33.0,41.0,58.0,93.0,332.0,107.0,140.0,154.0,120.0,457.0,795.0,901.0,1369.0,3377.0,1755.0,2408.0,2944.0,3574.0,4526.0,3256.0,7470.0,5933.0,7438.0,6128.0,6272.0,6917.0,5748.0,3495.0,7544.0,9166.0,9080.0,8631.0,6325.0,10629.0,7535.0,11213.0,6756.0,6868.0,5883.0,6190.0,5242.0,192.0,0.0,0.0,0.0,0.0,0.0,32.0,371.0,328.0,350.0,0.0,0.0,COL
49,CR,1.0,12.0,2.0,64.0,93.0,47.0,114.0,181.0,410.0,1324.0,402.0,1801.0,776.0,1344.0,1426.0,645.0,745.0,725.0,532.0,225.0,199.0,219.0,380.0,414.0,1248.0,822.0,2029.0,1376.0,2018.0,2348.0,1996.0,2178.0,2615.0,2186.0,2251.0,2576.0,2304.0,1885.0,1528.0,1539.0,1155.0,299.0,1209.0,0.0,0.0,0.0,0.0,0.0,0.0,0.0,102.0,82.0,133.0,0.0,0.0,CRI
50,CS,0.0,0.0,0.0,0.0,0.0,0.0,0.0,0.0,0.0,0.0,0.0,0.0,0.0,0.0,0.0,0.0,0.0,0.0,0.0,0.0,0.0,0.0,0.0,0.0,0.0,0.0,0.0,0.0,68.0,89.0,33.0,1.0,2.0,0.0,1.0,1.0,0.0,0.0,0.0,0.0,0.0,0.0,0.0,0.0,0.0,0.0,0.0,0.0,0.0,0.0,0.0,0.0,0.0,0.0,0.0,NONE
51,CU,0.0,0.0,0.0,1.0,2.0,10.0,5.0,8.0,4.0,13.0,8.0,11.0,30.0,36.0,9.0,14.0,89.0,104.0,97.0,131.0,216.0,223.0,481.0,293.0,426.0,331.0,346.0,323.0,407.0,439.0,206.0,205.0,385.0,288.0,366.0,270.0,314.0,298.0,389.0,380.0,105.0,403.0,312.0,0.0,0.0,0.0,0.0,0.0,0.0,12.0,50.0,65.0,56.0,0.0,0.0,CUB
52,CV,0.0,0.0,0.0,0.0,0.0,1.0,0.0,0.0,1.0,4.0,0.0,2.0,0.0,0.0,2.0,1.0,1.0,0.0,4.0,1.0,1.0,6.0,4.0,1.0,0.0,3.0,5.0,3.0,4.0,1.0,2.0,3.0,3.0,19.0,5.0,8.0,5.0,3.0,2.0,3.0,7.0,3.0,0.0,0.0,0.0,0.0,0.0,0.0,0.0,0.0,2.0,0.0,0.0,0.0,0.0,CPV
53,CW,0.0,0.0,0.0,0.0,0.0,0.0,0.0,0.0,0.0,0.0,0.0,0.0,0.0,0.0,0.0,0.0,0.0,0.0,0.0,0.0,0.0,0.0,0.0,0.0,0.0,0.0,0.0,0.0,0.0,0.0,0.0,0.0,0.0,0.0,0.0,0.0,13.0,3.0,5.0,11.0,6.0,42.0,15.0,0.0,0.0,0.0,0.0,0.0,0.0,0.0,0.0,0.0,0.0,0.0,0.0,NONE
54,CX,0.0,0.0,0.0,0.0,0.0,0.0,1.0,0.0,1.0,0.0,0.0,0.0,0.0,0.0,1.0,1.0,0.0,0.0,1.0,1.0,0.0,0.0,0.0,0.0,0.0,0.0,0.0,6.0,2.0,0.0,0.0,0.0,8.0,8.0,0.0,0.0,0.0,0.0,0.0,0.0,0.0,0.0,0.0,0.0,0.0,0.0,0.0,0.0,0.0,0.0,0.0,0.0,0.0,0.0,0.0,CXR
55,CY,0.0,0.0,3.0,1.0,1.0,1.0,7.0,0.0,0.0,97.0,2.0,3.0,6.0,4.0,11.0,10.0,5.0,6.0,5.0,36.0,20.0,11.0,7.0,7.0,9.0,18.0,21.0,16.0,19.0,13.0,8.0,4.0,3.0,20.0,9.0,15.0,23.0,13.0,7.0,44.0,10.0,5.0,56.0,0.0,0.0,0.0,0.0,0.0,0.0,0.0,2.0,0.0,2.0,0.0,0.0,CYP
56,CZ,0.0,0.0,0.0,0.0,0.0,0.0,0.0,0.0,0.0,0.0,0.0,0.0,0.0,0.0,0.0,0.0,0.0,0.0,617.0,909.0,1108.0,1143.0,1006.0,1634.0,2219.0,2210.0,2706.0,2195.0,2645.0,1580.0,674.0,569.0,506.0,686.0,631.0,1182.0,1201.0,1312.0,1623.0,1718.0,1816.0,2502.0,2464.0,1.0,0.0,0.0,0.0,0.0,0.0,0.0,60.0,98.0,191.0,2.0,0.0,CZE
57,DD,0.0,1.0,46.0,55.0,90.0,24.0,69.0,42.0,207.0,329.0,137.0,220.0,173.0,205.0,848.0,97.0,0.0,0.0,0.0,0.0,0.0,0.0,0.0,0.0,0.0,0.0,0.0,0.0,0.0,0.0,0.0,0.0,0.0,0.0,0.0,0.0,0.0,0.0,0.0,0.0,0.0,4.0,0.0,0.0,0.0,0.0,0.0,0.0,0.0,0.0,0.0,0.0,0.0,0.0,0.0,NONE
58,DE,31.0,138.0,434.0,673.0,944.0,1456.0,2070.0,2685.0,2897.0,2775.0,6560.0,7934.0,7304.0,7446.0,9133.0,6593.0,5713.0,6408.0,6854.0,7635.0,7394.0,7976.0,8207.0,6774.0,8135.0,8486.0,9197.0,10826.0,12464.0,14683.0,14742.0,23813.0,24485.0,24473.0,23114.0,25204.0,25928.0,28789.0,26785.0,27530.0,27019.0,26045.0,27280.0,0.0,0.0,0.0,0.0,0.0,1.0,100.0,285.0,523.0,747.0,2.0,0.0,DEU
59,DJ,0.0,0.0,0.0,0.0,1.0,0.0,0.0,0.0,2.0,1.0,0.0,0.0,6.0,1.0,38.0,3.0,1.0,1.0,1.0,3.0,1.0,2.0,1.0,1.0,1.0,2.0,0.0,1.0,1.0,0.0,3.0,0.0,1.0,2.0,2.0,51.0,5.0,2.0,5.0,0.0,0.0,0.0,0.0,0.0,0.0,0.0,0.0,0.0,0.0,0.0,0.0,0.0,0.0,0.0,0.0,DJI
60,DK,1.0,7.0,46.0,89.0,176.0,455.0,608.0,903.0,745.0,677.0,650.0,708.0,501.0,627.0,917.0,1443.0,1117.0,971.0,680.0,631.0,599.0,543.0,885.0,579.0,762.0,1005.0,1112.0,1074.0,609.0,667.0,766.0,2363.0,1444.0,1887.0,1772.0,1576.0,2011.0,2004.0,2535.0,2594.0,2657.0,2265.0,1172.0,0.0,0.0,0.0,0.0,0.0,0.0,18.0,78.0,34.0,24.0,0.0,0.0,DNK
61,DM,0.0,0.0,0.0,0.0,1.0,0.0,1.0,0.0,23.0,1.0,2.0,1.0,3.0,1.0,10.0,1.0,2.0,1.0,4.0,9.0,30.0,2.0,3.0,1.0,2.0,7.0,21.0,0.0,1.0,0.0,0.0,0.0,1.0,5.0,7.0,3.0,2.0,14.0,16.0,5.0,11.0,22.0,4.0,0.0,0.0,0.0,0.0,0.0,0.0,0.0,2.0,0.0,0.0,0.0,0.0,DMA
62,DO,0.0,0.0,4.0,8.0,8.0,35.0,253.0,258.0,264.0,278.0,482.0,709.0,785.0,764.0,671.0,815.0,646.0,759.0,1592.0,617.0,496.0,509.0,591.0,373.0,659.0,701.0,637.0,699.0,360.0,944.0,198.0,493.0,652.0,515.0,267.0,600.0,743.0,492.0,472.0,424.0,543.0,788.0,960.0,0.0,0.0,0.0,0.0,0.0,0.0,1.0,27.0,9.0,133.0,0.0,0.0,DOM
63,DZ,0.0,1.0,1.0,1.0,0.0,0.0,2.0,1.0,1.0,0.0,0.0,1.0,7.0,0.0,1.0,1.0,2.0,10.0,2.0,6.0,6.0,12.0,36.0,13.0,50.0,7.0,23.0,51.0,33.0,58.0,35.0,12.0,4.0,50.0,84.0,10.0,42.0,4.0,97.0,2.0,6.0,3.0,5.0,0.0,0.0,0.0,0.0,0.0,0.0,0.0,0.0,0.0,0.0,0.0,0.0,DZA
64,E,0.0,0.0,0.0,0.0,0.0,0.0,0.0,0.0,0.0,0.0,0.0,0.0,0.0,0.0,0.0,0.0,0.0,0.0,0.0,0.0,0.0,0.0,0.0,0.0,0.0,0.0,0.0,0.0,0.0,0.0,0.0,0.0,0.0,0.0,0.0,0.0,0.0,0.0,0.0,0.0,0.0,0.0,0.0,0.0,0.0,0.0,0.0,0.0,0.0,0.0,0.0,0.0,0.0,0.0,1.0,NONE
65,EC,0.0,0.0,8.0,18.0,44.0,59.0,226.0,231.0,125.0,433.0,1289.0,243.0,205.0,1026.0,158.0,169.0,1486.0,292.0,280.0,779.0,456.0,852.0,1244.0,2987.0,3493.0,3770.0,9725.0,2482.0,3663.0,23863.0,21367.0,6614.0,23121.0,26389.0,25447.0,28231.0,22744.0,32547.0,20974.0,26227.0,28709.0,32700.0,8607.0,0.0,0.0,0.0,0.0,0.0,0.0,11.0,33.0,55.0,53.0,0.0,0.0,ECU
66,EE,0.0,0.0,0.0,0.0,0.0,0.0,0.0,0.0,0.0,0.0,0.0,0.0,0.0,0.0,0.0,0.0,0.0,1.0,20.0,48.0,78.0,66.0,50.0,98.0,74.0,114.0,261.0,257.0,98.0,44.0,23.0,19.0,14.0,12.0,19.0,24.0,29.0,52.0,73.0,28.0,36.0,174.0,204.0,0.0,0.0,0.0,0.0,0.0,0.0,0.0,13.0,19.0,16.0,0.0,0.0,EST
67,EG,0.0,0.0,1.0,0.0,2.0,9.0,12.0,14.0,25.0,11.0,15.0,61.0,39.0,70.0,71.0,75.0,93.0,199.0,47.0,291.0,364.0,184.0,149.0,189.0,115.0,134.0,102.0,68.0,312.0,322.0,64.0,60.0,69.0,138.0,163.0,92.0,66.0,42.0,33.0,13.0,39.0,80.0,19.0,0.0,0.0,0.0,0.0,0.0,0.0,3.0,3.0,2.0,8.0,0.0,0.0,EGY
68,EH,0.0,0.0,0.0,0.0,0.0,0.0,0.0,0.0,0.0,0.0,0.0,0.0,0.0,0.0,0.0,0.0,0.0,0.0,0.0,0.0,0.0,0.0,0.0,2.0,1.0,1.0,0.0,0.0,0.0,0.0,0.0,0.0,0.0,0.0,0.0,0.0,0.0,0.0,0.0,0.0,6.0,0.0,0.0,0.0,0.0,0.0,0.0,0.0,0.0,0.0,0.0,0.0,0.0,0.0,0.0,ESH
69,ER,0.0,0.0,0.0,0.0,0.0,0.0,0.0,0.0,0.0,0.0,0.0,0.0,0.0,0.0,0.0,0.0,0.0,0.0,0.0,0.0,0.0,5.0,1.0,0.0,0.0,0.0,1.0,3.0,0.0,1.0,0.0,0.0,12.0,7.0,2.0,2.0,0.0,0.0,0.0,0.0,0.0,2.0,1.0,0.0,0.0,0.0,0.0,0.0,0.0,0.0,0.0,0.0,0.0,0.0,0.0,ERI
70,ES,0.0,4.0,46.0,105.0,157.0,280.0,1424.0,1123.0,1397.0,2237.0,5443.0,12462.0,12795.0,10219.0,5184.0,4430.0,2576.0,2857.0,3244.0,2879.0,4326.0,4297.0,3896.0,4517.0,5569.0,7494.0,7167.0,5650.0,5656.0,6581.0,5964.0,6984.0,7054.0,6021.0,4864.0,5348.0,5890.0,8167.0,6976.0,12008.0,12481.0,13576.0,12793.0,0.0,0.0,0.0,0.0,0.0,0.0,15.0,166.0,251.0,364.0,0.0,0.0,ESP
71,ET,0.0,1.0,2.0,5.0,7.0,16.0,24.0,53.0,57.0,84.0,87.0,113.0,139.0,176.0,163.0,138.0,127.0,179.0,267.0,52.0,34.0,18.0,25.0,19.0,20.0,35.0,74.0,78.0,115.0,85.0,89.0,140.0,141.0,50.0,51.0,99.0,84.0,51.0,65.0,126.0,120.0,117.0,138.0,44.0,0.0,0.0,0.0,0.0,0.0,0.0,24.0,21.0,22.0,5.0,0.0,ETH
72,FI,1.0,2.0,23.0,16.0,21.0,43.0,20.0,13.0,12.0,51.0,102.0,103.0,73.0,119.0,67.0,41.0,89.0,98.0,73.0,89.0,39.0,26.0,29.0,43.0,19.0,37.0,50.0,45.0,72.0,84.0,111.0,87.0,84.0,71.0,38.0,31.0,38.0,54.0,60.0,155.0,165.0,153.0,248.0,0.0,0.0,0.0,0.0,0.0,0.0,0.0,2.0,6.0,4.0,0.0,0.0,FIN
73,FJ,0.0,0.0,0.0,0.0,2.0,14.0,20.0,22.0,23.0,12.0,27.0,62.0,131.0,122.0,166.0,358.0,532.0,593.0,654.0,1071.0,1371.0,1512.0,4905.0,7156.0,8720.0,7857.0,8301.0,11921.0,6503.0,7492.0,7685.0,7308.0,6166.0,10751.0,10404.0,13083.0,10937.0,15618.0,16224.0,17074.0,21056.0,19563.0,14969.0,0.0,0.0,0.0,0.0,0.0,0.0,0.0,136.0,181.0,206.0,0.0,0.0,FJI
74,FK,0.0,0.0,0.0,0.0,0.0,0.0,0.0,0.0,0.0,2.0,0.0,0.0,4.0,1.0,0.0,4.0,10.0,13.0,11.0,9.0,6.0,16.0,10.0,23.0,39.0,17.0,4.0,29.0,34.0,27.0,32.0,5.0,8.0,0.0,14.0,48.0,7.0,0.0,17.0,1.0,11.0,9.0,17.0,0.0,0.0,0.0,0.0,0.0,0.0,0.0,0.0,0.0,0.0,0.0,0.0,FLK
75,FM,0.0,0.0,0.0,0.0,0.0,0.0,0.0,0.0,0.0,0.0,0.0,0.0,0.0,0.0,0.0,9.0,17.0,23.0,9.0,1.0,0.0,2.0,0.0,12.0,40.0,66.0,123.0,153.0,74.0,29.0,55.0,68.0,119.0,194.0,281.0,268.0,223.0,242.0,213.0,164.0,238.0,217.0,178.0,0.0,0.0,0.0,0.0,0.0,0.0,0.0,0.0,0.0,0.0,0.0,0.0,FSM
76,FO,0.0,0.0,0.0,0.0,0.0,0.0,1.0,0.0,1.0,0.0,0.0,1.0,2.0,1.0,2.0,3.0,3.0,1.0,1.0,19.0,14.0,20.0,7.0,2.0,3.0,2.0,3.0,8.0,4.0,3.0,9.0,5.0,2.0,2.0,12.0,10.0,5.0,4.0,1.0,3.0,2.0,1.0,3.0,0.0,0.0,0.0,0.0,0.0,0.0,0.0,0.0,0.0,0.0,0.0,0.0,FRO
77,FR,12.0,91.0,230.0,384.0,489.0,669.0,1843.0,2279.0,2610.0,4981.0,8049.0,7288.0,9887.0,10308.0,13927.0,12575.0,10622.0,9107.0,3712.0,3403.0,4216.0,3655.0,5120.0,6184.0,18218.0,7165.0,19420.0,22237.0,26724.0,35101.0,44777.0,50226.0,52865.0,56186.0,52562.0,60701.0,70967.0,85556.0,99370.0,114449.0,117962.0,112526.0,96689.0,0.0,0.0,0.0,0.0,0.0,0.0,63.0,171.0,169.0,291.0,0.0,0.0,FRA
78,GA,0.0,0.0,0.0,0.0,2.0,7.0,12.0,23.0,22.0,14.0,67.0,47.0,94.0,89.0,31.0,47.0,52.0,49.0,7.0,48.0,36.0,36.0,46.0,72.0,88.0,134.0,154.0,195.0,140.0,142.0,144.0,21.0,53.0,38.0,30.0,82.0,35.0,108.0,66.0,91.0,84.0,12.0,345.0,0.0,0.0,0.0,0.0,0.0,0.0,1.0,8.0,9.0,27.0,0.0,0.0,GAB
79,GB,8.0,471.0,1046.0,936.0,1098.0,1309.0,3264.0,2647.0,2305.0,1853.0,2351.0,2763.0,2245.0,3894.0,2562.0,2347.0,1932.0,4959.0,3019.0,3395.0,3266.0,3238.0,1994.0,3128.0,3248.0,5834.0,5563.0,6216.0,6537.0,7317.0,8379.0,8103.0,7972.0,8411.0,7780.0,9414.0,11330.0,17854.0,16565.0,15210.0,12861.0,12135.0,12472.0,0.0,0.0,0.0,1.0,0.0,4.0,83.0,1316.0,1794.0,1950.0,0.0,0.0,GBR
80,GD,0.0,0.0,0.0,2.0,0.0,0.0,5.0,1.0,1.0,1.0,0.0,0.0,5.0,4.0,18.0,43.0,15.0,7.0,1.0,0.0,0.0,2.0,7.0,28.0,5.0,8.0,10.0,5.0,4.0,6.0,2.0,13.0,8.0,3.0,6.0,41.0,12.0,5.0,5.0,5.0,3.0,9.0,5.0,0.0,0.0,0.0,0.0,0.0,0.0,0.0,0.0,1.0,0.0,0.0,0.0,GRD
81,GE,0.0,0.0,0.0,0.0,0.0,0.0,0.0,0.0,0.0,0.0,0.0,0.0,0.0,0.0,0.0,0.0,0.0,0.0,15.0,27.0,24.0,0.0,6.0,3.0,5.0,13.0,55.0,32.0,18.0,58.0,21.0,30.0,16.0,11.0,23.0,201.0,25.0,59.0,42.0,45.0,68.0,46.0,40.0,0.0,0.0,0.0,0.0,0.0,0.0,0.0,0.0,0.0,1.0,0.0,0.0,GEO
82,GF,0.0,0.0,0.0,2.0,1.0,2.0,6.0,3.0,2.0,4.0,1.0,1.0,0.0,2.0,0.0,1.0,12.0,0.0,0.0,0.0,0.0,0.0,2.0,0.0,1.0,1.0,2.0,1.0,1.0,0.0,1.0,13.0,14.0,2.0,0.0,0.0,2.0,0.0,0.0,0.0,0.0,2.0,2.0,0.0,0.0,0.0,0.0,0.0,0.0,0.0,0.0,0.0,0.0,0.0,0.0,GUF
83,GG,0.0,0.0,0.0,0.0,0.0,0.0,0.0,0.0,0.0,0.0,0.0,0.0,0.0,0.0,0.0,0.0,0.0,0.0,0.0,0.0,0.0,0.0,0.0,0.0,0.0,20.0,44.0,78.0,38.0,51.0,114.0,9.0,11.0,1.0,4.0,7.0,1.0,0.0,46.0,87.0,25.0,42.0,55.0,0.0,0.0,0.0,0.0,0.0,0.0,0.0,0.0,0.0,0.0,0.0,0.0,GGY
84,GH,3.0,5.0,48.0,83.0,84.0,50.0,76.0,147.0,205.0,188.0,313.0,480.0,429.0,469.0,570.0,809.0,779.0,865.0,872.0,746.0,1162.0,1229.0,1039.0,1218.0,1273.0,1456.0,1182.0,1753.0,2070.0,1961.0,2308.0,805.0,1338.0,1502.0,1876.0,1521.0,1360.0,1175.0,769.0,783.0,623.0,1544.0,7537.0,0.0,0.0,0.0,0.0,0.0,0.0,9.0,22.0,61.0,65.0,0.0,0.0,GHA
85,GI,0.0,0.0,0.0,0.0,0.0,1.0,0.0,1.0,3.0,0.0,1.0,3.0,3.0,2.0,0.0,0.0,0.0,1.0,7.0,27.0,4.0,1.0,2.0,4.0,2.0,2.0,8.0,8.0,13.0,9.0,10.0,12.0,11.0,3.0,1.0,0.0,1.0,11.0,4.0,9.0,8.0,2.0,0.0,0.0,0.0,0.0,0.0,0.0,0.0,0.0,0.0,1.0,0.0,0.0,0.0,GIB
86,GL,0.0,0.0,1.0,0.0,0.0,0.0,1.0,3.0,2.0,7.0,261.0,581.0,899.0,822.0,875.0,908.0,1113.0,1140.0,894.0,966.0,1112.0,1260.0,881.0,594.0,400.0,696.0,1333.0,2619.0,2942.0,3854.0,4694.0,2765.0,191.0,1260.0,1239.0,1521.0,228.0,1052.0,1045.0,846.0,1315.0,478.0,603.0,0.0,0.0,1.0,3.0,6.0,14.0,8.0,6.0,16.0,4.0,0.0,0.0,GRL
87,GM,0.0,0.0,0.0,0.0,0.0,1.0,0.0,2.0,1.0,2.0,2.0,1.0,38.0,0.0,0.0,1.0,2.0,11.0,1.0,4.0,6.0,49.0,1.0,23.0,12.0,3.0,3.0,1.0,3.0,3.0,1.0,2.0,5.0,12.0,3.0,0.0,2.0,3.0,1.0,2.0,0.0,1739.0,2398.0,0.0,0.0,0.0,0.0,0.0,0.0,0.0,0.0,1.0,0.0,0.0,0.0,GMB
88,GN,0.0,0.0,0.0,0.0,0.0,2.0,2.0,5.0,11.0,1.0,54.0,740.0,568.0,1066.0,355.0,1736.0,856.0,1093.0,809.0,886.0,1117.0,1588.0,719.0,1480.0,1845.0,1791.0,1291.0,984.0,1254.0,2019.0,2102.0,145.0,53.0,209.0,88.0,186.0,56.0,42.0,17.0,67.0,16.0,6.0,7.0,0.0,0.0,0.0,0.0,0.0,0.0,0.0,15.0,67.0,85.0,0.0,0.0,GIN
89,GP,0.0,0.0,0.0,0.0,0.0,2.0,1.0,0.0,1.0,0.0,0.0,1.0,0.0,4.0,0.0,0.0,0.0,0.0,0.0,0.0,0.0,0.0,1.0,1.0,0.0,0.0,0.0,1.0,17.0,19.0,6.0,9.0,11.0,3.0,2.0,0.0,1.0,4.0,1.0,1.0,4.0,1.0,2.0,0.0,0.0,0.0,0.0,0.0,0.0,0.0,0.0,0.0,0.0,0.0,0.0,GLP
90,GQ,0.0,0.0,0.0,0.0,0.0,2.0,0.0,1.0,1.0,0.0,1.0,0.0,9.0,2.0,0.0,0.0,0.0,2.0,1.0,4.0,25.0,9.0,4.0,31.0,29.0,55.0,48.0,65.0,71.0,72.0,53.0,49.0,21.0,30.0,23.0,13.0,34.0,9.0,6.0,8.0,16.0,23.0,5.0,0.0,0.0,0.0,0.0,0.0,0.0,9.0,0.0,0.0,5.0,0.0,0.0,GNQ
91,GR,1.0,4.0,14.0,20.0,23.0,36.0,32.0,38.0,40.0,349.0,187.0,143.0,167.0,66.0,62.0,33.0,46.0,22.0,29.0,37.0,32.0,38.0,12.0,38.0,28.0,61.0,38.0,130.0,125.0,115.0,94.0,130.0,156.0,233.0,245.0,361.0,464.0,521.0,494.0,259.0,211.0,708.0,693.0,4.0,0.0,0.0,0.0,0.0,0.0,0.0,0.0,5.0,1.0,0.0,0.0,GRC
92,GS,0.0,0.0,0.0,0.0,0.0,0.0,0.0,0.0,0.0,0.0,0.0,0.0,0.0,0.0,0.0,0.0,0.0,0.0,0.0,0.0,0.0,0.0,0.0,0.0,2.0,0.0,0.0,0.0,0.0,0.0,0.0,0.0,0.0,0.0,0.0,0.0,6.0,10.0,8.0,0.0,10.0,4.0,21.0,0.0,0.0,0.0,0.0,0.0,0.0,0.0,0.0,0.0,0.0,0.0,0.0,SGS
93,GT,0.0,6.0,20.0,30.0,78.0,62.0,340.0,1306.0,1179.0,2548.0,2224.0,152.0,118.0,158.0,260.0,604.0,128.0,321.0,487.0,386.0,336.0,411.0,552.0,385.0,311.0,370.0,203.0,573.0,823.0,753.0,896.0,938.0,1074.0,1037.0,823.0,945.0,917.0,976.0,912.0,1083.0,1168.0,1364.0,1978.0,0.0,0.0,0.0,0.0,0.0,0.0,3.0,27.0,16.0,10.0,0.0,0.0,GTM
94,GU,0.0,0.0,0.0,0.0,0.0,0.0,0.0,0.0,0.0,2.0,0.0,0.0,1.0,2.0,1.0,2.0,2.0,2.0,1.0,0.0,0.0,41.0,1.0,1.0,2.0,2.0,1.0,0.0,1.0,1.0,0.0,1.0,0.0,0.0,0.0,0.0,0.0,0.0,0.0,0.0,9.0,0.0,0.0,0.0,0.0,0.0,0.0,0.0,0.0,0.0,0.0,0.0,0.0,0.0,0.0,GUM
95,GW,0.0,0.0,0.0,0.0,0.0,0.0,0.0,1.0,1.0,4.0,1.0,1.0,3.0,15.0,12.0,3.0,7.0,13.0,22.0,19.0,144.0,54.0,12.0,5.0,1.0,14.0,2.0,20.0,12.0,3.0,1.0,0.0,5.0,4.0,9.0,17.0,1.0,3.0,0.0,16.0,0.0,7.0,4.0,0.0,0.0,0.0,0.0,0.0,0.0,0.0,2.0,0.0,0.0,0.0,0.0,GNB
96,GY,0.0,0.0,5.0,18.0,27.0,70.0,604.0,821.0,886.0,1028.0,1189.0,1467.0,986.0,2624.0,777.0,1348.0,2152.0,2140.0,762.0,77.0,546.0,1710.0,1060.0,774.0,2644.0,2118.0,2874.0,2053.0,2883.0,2778.0,2539.0,2106.0,2368.0,2411.0,1940.0,1733.0,1656.0,1702.0,1367.0,1815.0,1983.0,1895.0,761.0,0.0,0.0,0.0,0.0,0.0,0.0,14.0,189.0,85.0,192.0,0.0,0.0,GUY
97,HK,0.0,2.0,11.0,128.0,289.0,583.0,3532.0,3512.0,4726.0,5036.0,7626.0,8559.0,9390.0,8980.0,5692.0,4795.0,4718.0,4032.0,3509.0,4305.0,4556.0,3639.0,3189.0,2330.0,2405.0,3416.0,3356.0,3185.0,3493.0,4317.0,6496.0,7976.0,8636.0,8602.0,6420.0,5745.0,5320.0,6202.0,6615.0,6440.0,6069.0,5456.0,4096.0,0.0,0.0,0.0,0.0,0.0,35.0,29.0,41.0,24.0,15.0,0.0,0.0,HKG
98,HM,0.0,0.0,0.0,0.0,0.0,0.0,0.0,0.0,0.0,0.0,0.0,1.0,0.0,0.0,0.0,0.0,0.0,0.0,0.0,0.0,0.0,0.0,0.0,0.0,1.0,0.0,0.0,0.0,0.0,0.0,0.0,0.0,0.0,0.0,0.0,0.0,0.0,0.0,0.0,0.0,0.0,0.0,1.0,0.0,0.0,0.0,0.0,0.0,0.0,0.0,0.0,0.0,0.0,0.0,0.0,HMD
99,HN,0.0,2.0,21.0,95.0,97.0,128.0,449.0,647.0,608.0,719.0,425.0,632.0,712.0,1101.0,1247.0,297.0,119.0,20.0,22.0,25.0,202.0,326.0,570.0,399.0,335.0,454.0,610.0,264.0,442.0,245.0,279.0,262.0,172.0,82.0,234.0,188.0,347.0,221.0,271.0,192.0,167.0,337.0,358.0,56.0,0.0,0.0,0.0,0.0,0.0,0.0,1.0,38.0,27.0,0.0,0.0,HND
100,HR,0.0,0.0,0.0,0.0,0.0,0.0,0.0,0.0,0.0,0.0,0.0,0.0,0.0,0.0,0.0,0.0,0.0,0.0,1.0,0.0,7.0,6.0,4.0,11.0,26.0,19.0,43.0,111.0,137.0,138.0,51.0,94.0,56.0,102.0,96.0,82.0,118.0,110.0,130.0,18.0,24.0,30.0,38.0,1.0,0.0,0.0,0.0,0.0,0.0,0.0,1.0,1.0,2.0,0.0,0.0,HRV
101,HT,0.0,0.0,1.0,6.0,13.0,20.0,126.0,65.0,84.0,120.0,67.0,24.0,69.0,112.0,81.0,45.0,44.0,46.0,131.0,72.0,108.0,154.0,103.0,55.0,65.0,44.0,152.0,120.0,198.0,188.0,138.0,135.0,97.0,16.0,100.0,154.0,115.0,144.0,264.0,321.0,365.0,230.0,184.0,0.0,0.0,0.0,0.0,0.0,0.0,0.0,13.0,5.0,2.0,0.0,0.0,HTI
102,HU,0.0,1.0,0.0,2.0,4.0,9.0,12.0,5.0,12.0,37.0,45.0,56.0,51.0,86.0,132.0,79.0,235.0,346.0,218.0,192.0,274.0,253.0,282.0,604.0,941.0,754.0,982.0,745.0,487.0,217.0,257.0,1999.0,1381.0,757.0,51.0,1821.0,155.0,1835.0,77.0,124.0,192.0,83.0,164.0,2.0,0.0,0.0,0.0,0.0,0.0,1.0,22.0,25.0,31.0,0.0,0.0,HUN
103,ID,0.0,3.0,36.0,47.0,85.0,220.0,1173.0,1316.0,2437.0,2438.0,2395.0,4477.0,5734.0,8894.0,8817.0,22474.0,22089.0,14060.0,47016.0,33274.0,47595.0,68728.0,51320.0,63269.0,61253.0,70872.0,87467.0,84544.0,100478.0,106248.0,132616.0,141145.0,146160.0,139308.0,147310.0,141630.0,133527.0,155205.0,183698.0,162499.0,173009.0,176708.0,185125.0,0.0,0.0,0.0,0.0,0.0,0.0,298.0,2640.0,3301.0,2599.0,0.0,0.0,IDN
104,IE,0.0,2.0,9.0,7.0,3.0,4.0,8.0,12.0,31.0,1.0,4.0,8.0,38.0,37.0,35.0,14.0,47.0,49.0,52.0,55.0,68.0,84.0,36.0,21.0,8.0,34.0,27.0,24.0,17.0,31.0,30.0,17.0,13.0,5.0,10.0,20.0,21.0,56.0,117.0,137.0,137.0,147.0,246.0,0.0,0.0,0.0,0.0,0.0,0.0,0.0,4.0,4.0,0.0,0.0,0.0,IRL
105,IL,0.0,29.0,34.0,29.0,32.0,27.0,63.0,5.0,8.0,21.0,60.0,38.0,71.0,116.0,185.0,159.0,198.0,378.0,256.0,139.0,124.0,52.0,24.0,60.0,221.0,217.0,410.0,178.0,204.0,180.0,260.0,151.0,193.0,357.0,248.0,497.0,258.0,219.0,346.0,251.0,242.0,166.0,137.0,0.0,0.0,0.0,0.0,0.0,0.0,0.0,16.0,16.0,9.0,0.0,0.0,ISR
106,IM,0.0,0.0,0.0,0.0,0.0,0.0,0.0,0.0,0.0,0.0,0.0,0.0,0.0,0.0,0.0,0.0,0.0,0.0,0.0,0.0,0.0,0.0,0.0,0.0,0.0,18.0,17.0,23.0,28.0,7.0,10.0,1.0,6.0,0.0,1.0,0.0,0.0,0.0,4.0,1.0,4.0,1.0,4.0,0.0,0.0,0.0,0.0,0.0,0.0,0.0,0.0,0.0,0.0,0.0,0.0,IMN
107,IN,1.0,70.0,59.0,133.0,565.0,1059.0,1911.0,2049.0,2991.0,4053.0,4761.0,4771.0,3246.0,1051.0,2107.0,307.0,1379.0,3043.0,188.0,233.0,274.0,576.0,430.0,383.0,548.0,337.0,253.0,294.0,421.0,355.0,462.0,476.0,1146.0,1719.0,1335.0,984.0,113.0,1380.0,673.0,888.0,974.0,767.0,3468.0,0.0,0.0,0.0,0.0,0.0,0.0,27.0,78.0,121.0,84.0,0.0,0.0,IND
108,IO,0.0,0.0,0.0,0.0,0.0,0.0,0.0,0.0,0.0,0.0,0.0,0.0,0.0,0.0,0.0,0.0,1.0,1.0,0.0,0.0,0.0,4.0,1.0,0.0,1.0,0.0,26.0,2.0,0.0,0.0,2.0,6.0,0.0,0.0,0.0,0.0,0.0,9.0,0.0,25.0,33.0,10.0,11.0,0.0,0.0,0.0,0.0,0.0,0.0,0.0,1.0,0.0,0.0,0.0,0.0,IOT
109,IQ,0.0,0.0,0.0,1.0,0.0,0.0,0.0,0.0,0.0,0.0,0.0,0.0,0.0,2.0,0.0,2.0,0.0,2.0,0.0,0.0,0.0,0.0,0.0,0.0,1.0,1.0,0.0,4.0,2.0,1.0,2.0,1.0,1.0,1.0,0.0,1.0,0.0,1.0,0.0,1.0,2.0,4.0,0.0,18.0,0.0,0.0,0.0,0.0,0.0,0.0,0.0,0.0,0.0,0.0,0.0,IRQ
110,IR,0.0,0.0,6.0,8.0,4.0,1.0,1.0,0.0,0.0,1.0,3.0,5.0,2.0,0.0,1.0,4.0,2.0,6.0,2.0,5.0,2.0,2.0,11.0,476.0,576.0,403.0,554.0,597.0,484.0,391.0,131.0,74.0,159.0,64.0,41.0,91.0,132.0,66.0,125.0,69.0,100.0,89.0,86.0,0.0,0.0,0.0,0.0,0.0,0.0,0.0,1.0,1.0,0.0,0.0,0.0,IRN
111,IS,0.0,0.0,0.0,0.0,0.0,5.0,13.0,7.0,2.0,0.0,5.0,3.0,1.0,3.0,0.0,3.0,2.0,2.0,5.0,5.0,11.0,9.0,1.0,0.0,4.0,11.0,0.0,6.0,10.0,11.0,12.0,7.0,12.0,28.0,38.0,54.0,37.0,78.0,71.0,133.0,34.0,47.0,45.0,0.0,0.0,0.0,0.0,0.0,0.0,0.0,0.0,0.0,0.0,0.0,0.0,ISL
112,IT,2.0,15.0,58.0,801.0,1302.0,2083.0,5502.0,5819.0,17308.0,20902.0,32000.0,39065.0,38167.0,29800.0,27901.0,27697.0,10232.0,8802.0,7462.0,16621.0,21507.0,22461.0,23656.0,25279.0,26821.0,55925.0,39732.0,36978.0,47259.0,76433.0,91080.0,83351.0,87614.0,89870.0,74497.0,70812.0,102209.0,122054.0,122385.0,105224.0,125653.0,108419.0,82790.0,0.0,0.0,0.0,0.0,0.0,0.0,27.0,108.0,85.0,44.0,0.0,0.0,ITA
113,JE,0.0,0.0,0.0,0.0,0.0,0.0,0.0,0.0,0.0,0.0,0.0,0.0,0.0,0.0,0.0,0.0,0.0,0.0,0.0,0.0,0.0,0.0,0.0,0.0,0.0,208.0,128.0,224.0,183.0,227.0,442.0,55.0,257.0,49.0,76.0,120.0,25.0,9.0,52.0,89.0,162.0,119.0,58.0,0.0,0.0,0.0,0.0,0.0,0.0,0.0,0.0,0.0,0.0,0.0,0.0,JEY
114,JM,0.0,0.0,1.0,16.0,56.0,73.0,85.0,183.0,175.0,591.0,515.0,659.0,336.0,135.0,176.0,138.0,206.0,221.0,137.0,153.0,181.0,215.0,199.0,213.0,234.0,174.0,187.0,178.0,291.0,415.0,228.0,198.0,304.0,233.0,232.0,264.0,429.0,361.0,427.0,494.0,512.0,222.0,178.0,0.0,0.0,0.0,0.0,0.0,0.0,0.0,4.0,4.0,1.0,0.0,0.0,JAM
115,JO,0.0,0.0,0.0,0.0,0.0,0.0,0.0,0.0,1.0,0.0,1.0,1.0,1.0,3.0,8.0,5.0,3.0,7.0,9.0,11.0,2.0,5.0,3.0,4.0,11.0,22.0,24.0,68.0,163.0,281.0,315.0,329.0,352.0,235.0,241.0,183.0,269.0,176.0,229.0,247.0,499.0,53.0,264.0,3.0,0.0,0.0,0.0,0.0,0.0,0.0,1.0,0.0,0.0,0.0,0.0,JOR
116,JP,0.0,0.0,6.0,67.0,45.0,289.0,2672.0,2368.0,3059.0,4179.0,3233.0,2843.0,3312.0,2719.0,2617.0,2568.0,870.0,853.0,545.0,580.0,1403.0,472.0,1483.0,2100.0,1775.0,2162.0,2383.0,2753.0,3308.0,3217.0,4005.0,4931.0,5325.0,5736.0,9540.0,12525.0,8410.0,6303.0,8155.0,8641.0,8194.0,9317.0,15197.0,0.0,0.0,0.0,0.0,0.0,0.0,1.0,222.0,49.0,77.0,0.0,0.0,JPN
117,KE,4.0,18.0,45.0,77.0,97.0,141.0,200.0,100.0,112.0,161.0,409.0,426.0,345.0,231.0,220.0,158.0,126.0,136.0,286.0,97.0,131.0,50.0,119.0,137.0,104.0,134.0,185.0,156.0,62.0,103.0,93.0,116.0,164.0,121.0,129.0,209.0,302.0,406.0,370.0,416.0,613.0,603.0,688.0,0.0,0.0,0.0,0.0,0.0,0.0,0.0,23.0,17.0,18.0,0.0,0.0,KEN
118,KG,0.0,0.0,0.0,0.0,0.0,0.0,0.0,0.0,0.0,0.0,0.0,0.0,0.0,0.0,0.0,0.0,0.0,0.0,0.0,0.0,2.0,1.0,0.0,4.0,12.0,30.0,5.0,26.0,36.0,8.0,31.0,14.0,21.0,23.0,117.0,131.0,158.0,179.0,171.0,187.0,155.0,565.0,159.0,0.0,0.0,0.0,0.0,0.0,0.0,0.0,0.0,0.0,0.0,0.0,0.0,KGZ
119,KH,0.0,0.0,0.0,0.0,0.0,1.0,0.0,1.0,1.0,0.0,0.0,0.0,0.0,1.0,2.0,4.0,3.0,6.0,9.0,22.0,22.0,21.0,12.0,9.0,8.0,34.0,63.0,178.0,93.0,119.0,73.0,121.0,108.0,237.0,142.0,141.0,119.0,139.0,137.0,205.0,164.0,204.0,250.0,0.0,0.0,0.0,0.0,0.0,0.0,0.0,0.0,0.0,0.0,0.0,0.0,KHM
120,KI,0.0,0.0,0.0,0.0,0.0,0.0,2.0,0.0,0.0,0.0,0.0,1.0,0.0,1.0,4.0,17.0,12.0,2.0,5.0,0.0,4.0,7.0,5.0,5.0,5.0,5.0,22.0,8.0,4.0,2.0,5.0,6.0,13.0,19.0,10.0,34.0,24.0,54.0,60.0,48.0,2.0,18.0,13.0,0.0,0.0,0.0,0.0,0.0,0.0,0.0,0.0,0.0,0.0,0.0,0.0,KIR
121,KM,0.0,0.0,0.0,0.0,0.0,1.0,12.0,7.0,5.0,6.0,10.0,7.0,4.0,18.0,18.0,2.0,1.0,9.0,2.0,0.0,5.0,0.0,8.0,2.0,3.0,141.0,133.0,87.0,6.0,59.0,10.0,5.0,5.0,2.0,2.0,10.0,1.0,1.0,0.0,1.0,6.0,2.0,0.0,0.0,0.0,0.0,0.0,0.0,0.0,0.0,0.0,0.0,0.0,0.0,0.0,COM
122,KN,0.0,3.0,7.0,2.0,1.0,2.0,8.0,25.0,37.0,7.0,20.0,27.0,42.0,36.0,48.0,20.0,11.0,7.0,41.0,6.0,5.0,17.0,5.0,39.0,8.0,9.0,17.0,189.0,433.0,357.0,371.0,78.0,99.0,452.0,486.0,448.0,505.0,140.0,443.0,573.0,638.0,750.0,673.0,0.0,0.0,0.0,0.0,0.0,0.0,0.0,12.0,2.0,4.0,0.0,0.0,KNA
123,KP,0.0,0.0,0.0,1.0,4.0,1.0,0.0,5.0,7.0,3.0,2.0,1.0,1.0,0.0,0.0,6.0,5.0,2.0,3.0,4.0,3.0,1.0,1.0,3.0,0.0,0.0,2.0,1.0,0.0,2.0,1.0,1.0,10.0,1.0,3.0,3.0,113.0,16.0,18.0,16.0,117.0,1359.0,736.0,0.0,0.0,0.0,0.0,0.0,0.0,0.0,0.0,0.0,0.0,0.0,0.0,PRK
124,KR,0.0,0.0,0.0,3.0,0.0,12.0,17.0,24.0,12.0,102.0,165.0,197.0,283.0,175.0,179.0,255.0,228.0,278.0,365.0,776.0,345.0,350.0,343.0,463.0,1459.0,2128.0,2063.0,2241.0,2946.0,4552.0,6196.0,6659.0,6890.0,6822.0,7370.0,6799.0,4141.0,8750.0,8050.0,12232.0,8014.0,9073.0,2176.0,0.0,0.0,0.0,0.0,0.0,0.0,2.0,6.0,11.0,6.0,0.0,0.0,KOR
125,KW,0.0,0.0,0.0,0.0,0.0,2.0,1.0,3.0,4.0,5.0,1.0,9.0,6.0,7.0,3.0,0.0,17.0,5.0,3.0,7.0,8.0,6.0,6.0,6.0,3.0,8.0,5.0,16.0,133.0,216.0,144.0,131.0,141.0,222.0,649.0,641.0,699.0,245.0,255.0,374.0,845.0,714.0,109.0,0.0,0.0,0.0,0.0,0.0,0.0,0.0,0.0,1.0,1.0,0.0,0.0,KWT
126,KY,0.0,0.0,5.0,15.0,28.0,60.0,47.0,30.0,94.0,25.0,76.0,40.0,18.0,29.0,20.0,30.0,42.0,39.0,34.0,29.0,37.0,45.0,47.0,66.0,84.0,91.0,56.0,78.0,76.0,50.0,155.0,45.0,117.0,25.0,91.0,154.0,29.0,26.0,50.0,115.0,88.0,67.0,100.0,1.0,0.0,0.0,0.0,0.0,8.0,6.0,6.0,7.0,1.0,0.0,0.0,CYM
127,KZ,0.0,0.0,0.0,0.0,0.0,0.0,0.0,0.0,0.0,0.0,0.0,0.0,0.0,0.0,0.0,0.0,0.0,0.0,1.0,0.0,0.0,15.0,5.0,22.0,23.0,169.0,170.0,187.0,229.0,230.0,88.0,58.0,91.0,249.0,180.0,54.0,18.0,15.0,13.0,72.0,81.0,134.0,124.0,0.0,0.0,0.0,0.0,0.0,0.0,0.0,0.0,0.0,0.0,0.0,0.0,KAZ
128,LA,0.0,1.0,0.0,0.0,0.0,0.0,0.0,0.0,0.0,2.0,1.0,9.0,103.0,32.0,5.0,17.0,26.0,44.0,52.0,46.0,48.0,45.0,33.0,59.0,71.0,64.0,98.0,58.0,61.0,113.0,141.0,100.0,127.0,104.0,134.0,162.0,169.0,129.0,117.0,1210.0,447.0,905.0,574.0,0.0,0.0,0.0,0.0,0.0,0.0,0.0,8.0,31.0,6.0,0.0,0.0,LAO
129,LB,0.0,0.0,1.0,0.0,0.0,0.0,2.0,1.0,0.0,3.0,12.0,7.0,6.0,14.0,12.0,18.0,18.0,10.0,7.0,3.0,9.0,11.0,19.0,15.0,19.0,32.0,59.0,47.0,57.0,162.0,152.0,34.0,28.0,25.0,59.0,17.0,31.0,65.0,127.0,277.0,162.0,166.0,10.0,0.0,0.0,0.0,0.0,0.0,0.0,0.0,2.0,1.0,1.0,0.0,0.0,LBN
130,LC,0.0,0.0,0.0,1.0,1.0,0.0,0.0,1.0,3.0,5.0,0.0,1.0,2.0,3.0,1.0,2.0,1.0,4.0,9.0,106.0,241.0,38.0,46.0,23.0,12.0,9.0,7.0,13.0,10.0,9.0,6.0,7.0,7.0,5.0,4.0,4.0,6.0,22.0,15.0,4.0,3.0,7.0,0.0,0.0,0.0,0.0,0.0,0.0,0.0,0.0,0.0,0.0,0.0,0.0,0.0,LCA
131,LI,0.0,0.0,0.0,0.0,0.0,0.0,0.0,0.0,0.0,1.0,0.0,0.0,0.0,0.0,0.0,1.0,0.0,0.0,0.0,0.0,1.0,0.0,6.0,1.0,3.0,1.0,1.0,0.0,4.0,1.0,16.0,9.0,1.0,4.0,6.0,6.0,5.0,35.0,18.0,31.0,1.0,2.0,33.0,0.0,0.0,0.0,0.0,0.0,0.0,0.0,0.0,0.0,0.0,0.0,0.0,LIE
132,LK,0.0,2.0,2.0,4.0,3.0,16.0,19.0,49.0,22.0,23.0,32.0,26.0,50.0,79.0,122.0,136.0,50.0,76.0,36.0,30.0,62.0,22.0,43.0,100.0,244.0,427.0,842.0,993.0,1373.0,1874.0,2845.0,3483.0,3108.0,842.0,3277.0,2732.0,2496.0,2541.0,2009.0,2294.0,2257.0,1781.0,641.0,0.0,0.0,0.0,0.0,0.0,0.0,0.0,0.0,1.0,2.0,0.0,0.0,LKA
133,LR,1.0,1.0,1.0,9.0,6.0,7.0,59.0,54.0,69.0,114.0,536.0,355.0,689.0,364.0,116.0,23.0,3.0,7.0,2.0,4.0,3.0,2.0,1.0,11.0,65.0,44.0,31.0,23.0,17.0,27.0,104.0,1.0,6.0,5.0,1.0,3.0,66.0,22.0,16.0,39.0,2.0,43.0,25.0,0.0,0.0,0.0,0.0,0.0,0.0,0.0,1.0,0.0,4.0,0.0,0.0,LBR
134,LS,0.0,0.0,0.0,0.0,0.0,0.0,0.0,0.0,2.0,0.0,2.0,2.0,0.0,2.0,7.0,9.0,0.0,0.0,1.0,0.0,0.0,2.0,0.0,0.0,0.0,0.0,0.0,0.0,0.0,0.0,6.0,0.0,0.0,1.0,0.0,0.0,1.0,54.0,1.0,21.0,0.0,1.0,1.0,0.0,0.0,0.0,0.0,0.0,0.0,0.0,0.0,0.0,0.0,0.0,0.0,LSO
135,LT,0.0,0.0,0.0,0.0,0.0,0.0,0.0,0.0,0.0,0.0,0.0,0.0,0.0,0.0,0.0,0.0,0.0,2.0,2.0,8.0,6.0,6.0,6.0,7.0,2.0,16.0,6.0,2.0,41.0,20.0,8.0,12.0,12.0,59.0,26.0,20.0,31.0,43.0,37.0,31.0,33.0,60.0,34.0,0.0,0.0,0.0,0.0,0.0,0.0,0.0,0.0,0.0,0.0,0.0,0.0,LTU
136,LU,0.0,0.0,0.0,4.0,0.0,1.0,3.0,1.0,0.0,0.0,5.0,2.0,13.0,1.0,1.0,1.0,2.0,3.0,2.0,1.0,1.0,5.0,0.0,1.0,2.0,26.0,40.0,26.0,15.0,19.0,31.0,11.0,11.0,12.0,33.0,46.0,31.0,66.0,116.0,81.0,239.0,212.0,99.0,0.0,0.0,0.0,0.0,0.0,0.0,0.0,0.0,0.0,0.0,0.0,0.0,LUX
137,LV,0.0,0.0,0.0,0.0,0.0,0.0,0.0,0.0,0.0,0.0,0.0,0.0,0.0,0.0,0.0,0.0,0.0,5.0,0.0,2.0,0.0,4.0,14.0,26.0,17.0,51.0,178.0,133.0,113.0,42.0,21.0,7.0,14.0,8.0,59.0,56.0,74.0,96.0,86.0,82.0,88.0,118.0,105.0,0.0,0.0,0.0,0.0,0.0,0.0,0.0,1.0,5.0,4.0,0.0,0.0,LVA
138,LY,0.0,0.0,1.0,0.0,0.0,1.0,1.0,0.0,1.0,1.0,0.0,3.0,1.0,1.0,1.0,0.0,3.0,5.0,8.0,5.0,17.0,7.0,1.0,6.0,7.0,5.0,6.0,7.0,4.0,1.0,15.0,34.0,14.0,9.0,10.0,17.0,4.0,7.0,3.0,2.0,4.0,0.0,0.0,0.0,0.0,0.0,0.0,0.0,0.0,0.0,0.0,0.0,0.0,0.0,0.0,LBY
139,MA,0.0,1.0,4.0,6.0,9.0,1.0,1.0,1.0,3.0,20.0,82.0,211.0,108.0,178.0,455.0,543.0,285.0,397.0,105.0,114.0,131.0,100.0,132.0,72.0,149.0,101.0,116.0,185.0,106.0,118.0,113.0,78.0,152.0,132.0,153.0,420.0,207.0,423.0,503.0,372.0,393.0,384.0,98.0,0.0,0.0,0.0,0.0,0.0,0.0,0.0,5.0,4.0,16.0,0.0,0.0,MAR
140,MC,0.0,0.0,0.0,0.0,0.0,1.0,2.0,2.0,3.0,3.0,11.0,8.0,26.0,54.0,63.0,11.0,19.0,14.0,0.0,6.0,19.0,18.0,103.0,126.0,166.0,147.0,325.0,103.0,104.0,124.0,175.0,99.0,63.0,32.0,39.0,242.0,652.0,416.0,397.0,47.0,170.0,810.0,32.0,0.0,0.0,0.0,1.0,0.0,1.0,2.0,7.0,5.0,17.0,0.0,0.0,MCO
141,MD,0.0,0.0,0.0,0.0,0.0,0.0,0.0,0.0,0.0,0.0,0.0,0.0,0.0,0.0,0.0,0.0,0.0,0.0,0.0,0.0,0.0,0.0,1.0,1.0,0.0,1.0,8.0,7.0,5.0,7.0,3.0,2.0,0.0,5.0,1.0,98.0,71.0,41.0,6.0,25.0,73.0,159.0,288.0,0.0,0.0,0.0,0.0,0.0,0.0,0.0,0.0,0.0,0.0,0.0,0.0,MDA
142,ME,0.0,0.0,0.0,0.0,0.0,0.0,0.0,0.0,0.0,0.0,0.0,0.0,0.0,0.0,0.0,0.0,0.0,0.0,0.0,0.0,0.0,0.0,0.0,0.0,0.0,0.0,0.0,0.0,0.0,0.0,0.0,0.0,0.0,18.0,29.0,0.0,4.0,12.0,6.0,8.0,9.0,3.0,3.0,0.0,0.0,0.0,0.0,0.0,0.0,0.0,0.0,0.0,0.0,0.0,0.0,MNE
143,MF,0.0,0.0,0.0,0.0,0.0,0.0,0.0,0.0,0.0,0.0,0.0,0.0,0.0,0.0,0.0,0.0,0.0,0.0,0.0,0.0,0.0,0.0,0.0,0.0,0.0,0.0,0.0,0.0,0.0,0.0,0.0,0.0,0.0,0.0,2.0,0.0,0.0,0.0,0.0,0.0,0.0,0.0,0.0,0.0,0.0,0.0,0.0,0.0,0.0,0.0,0.0,0.0,0.0,0.0,0.0,MAF
144,MG,0.0,21.0,32.0,46.0,51.0,82.0,103.0,129.0,386.0,529.0,581.0,900.0,816.0,1000.0,1636.0,2259.0,2091.0,4463.0,5779.0,5487.0,6034.0,5755.0,5223.0,5069.0,2701.0,2617.0,3171.0,2305.0,3427.0,3338.0,4681.0,4126.0,3335.0,3630.0,2844.0,3267.0,2832.0,2996.0,3289.0,3797.0,4979.0,6003.0,4602.0,147.0,0.0,0.0,0.0,0.0,0.0,15.0,170.0,477.0,88.0,0.0,0.0,MDG
145,MH,0.0,0.0,0.0,0.0,0.0,0.0,0.0,0.0,0.0,0.0,0.0,0.0,0.0,0.0,0.0,13.0,37.0,58.0,86.0,46.0,72.0,40.0,3.0,14.0,161.0,204.0,325.0,256.0,205.0,248.0,175.0,298.0,102.0,132.0,119.0,145.0,235.0,336.0,274.0,366.0,589.0,520.0,487.0,0.0,0.0,0.0,0.0,0.0,0.0,0.0,0.0,0.0,0.0,0.0,0.0,MHL
146,MK,0.0,0.0,0.0,0.0,0.0,0.0,0.0,0.0,0.0,0.0,0.0,0.0,0.0,0.0,0.0,0.0,0.0,0.0,0.0,0.0,1.0,0.0,0.0,0.0,5.0,3.0,3.0,12.0,17.0,5.0,3.0,10.0,13.0,22.0,24.0,33.0,42.0,84.0,150.0,106.0,129.0,151.0,61.0,0.0,0.0,0.0,0.0,0.0,0.0,0.0,0.0,0.0,0.0,0.0,0.0,MKD
147,ML,0.0,0.0,0.0,2.0,5.0,3.0,15.0,23.0,25.0,60.0,72.0,233.0,455.0,326.0,242.0,329.0,277.0,78.0,200.0,146.0,221.0,371.0,330.0,1302.0,1001.0,1346.0,798.0,426.0,597.0,486.0,685.0,172.0,150.0,281.0,206.0,184.0,289.0,535.0,234.0,348.0,211.0,124.0,571.0,0.0,0.0,0.0,0.0,0.0,0.0,0.0,3.0,63.0,38.0,0.0,0.0,MLI
148,MM,0.0,0.0,0.0,0.0,8.0,12.0,2.0,24.0,3.0,10.0,3.0,25.0,10.0,17.0,34.0,18.0,17.0,8.0,18.0,1.0,49.0,3.0,2.0,11.0,10.0,82.0,13.0,34.0,192.0,14.0,35.0,81.0,16.0,12.0,23.0,74.0,40.0,54.0,55.0,51.0,80.0,25.0,55.0,0.0,0.0,0.0,0.0,0.0,0.0,0.0,0.0,0.0,0.0,0.0,0.0,MMR
149,MN,0.0,0.0,1.0,3.0,4.0,7.0,26.0,25.0,36.0,13.0,16.0,8.0,38.0,33.0,29.0,66.0,35.0,52.0,3.0,21.0,29.0,38.0,103.0,93.0,129.0,126.0,165.0,288.0,294.0,242.0,247.0,263.0,219.0,222.0,208.0,175.0,72.0,151.0,65.0,132.0,176.0,192.0,64.0,0.0,0.0,0.0,0.0,0.0,0.0,0.0,7.0,2.0,2.0,0.0,0.0,MNG
150,MO,0.0,0.0,0.0,1.0,0.0,0.0,1.0,4.0,2.0,1.0,3.0,0.0,3.0,39.0,89.0,10.0,1.0,3.0,2.0,1.0,3.0,1.0,1.0,10.0,4.0,4.0,3.0,4.0,9.0,2.0,22.0,124.0,2.0,16.0,30.0,70.0,80.0,62.0,224.0,128.0,227.0,179.0,25.0,0.0,0.0,0.0,0.0,0.0,0.0,0.0,0.0,0.0,1.0,0.0,0.0,MAC
151,MP,0.0,0.0,0.0,0.0,0.0,0.0,0.0,0.0,0.0,0.0,0.0,0.0,0.0,0.0,1.0,0.0,1.0,2.0,0.0,0.0,0.0,0.0,0.0,0.0,1.0,1.0,0.0,1.0,1.0,0.0,0.0,0.0,0.0,0.0,0.0,0.0,0.0,0.0,0.0,0.0,0.0,0.0,0.0,0.0,0.0,0.0,0.0,0.0,0.0,0.0,0.0,0.0,0.0,0.0,0.0,MNP
152,MQ,0.0,0.0,0.0,0.0,0.0,0.0,0.0,0.0,2.0,1.0,3.0,0.0,1.0,1.0,1.0,0.0,0.0,0.0,2.0,4.0,1.0,0.0,2.0,1.0,1.0,0.0,0.0,0.0,2.0,1.0,2.0,12.0,2.0,0.0,0.0,1.0,0.0,1.0,0.0,4.0,0.0,0.0,1.0,0.0,0.0,0.0,0.0,0.0,0.0,0.0,0.0,0.0,0.0,0.0,0.0,MTQ
153,MR,0.0,0.0,0.0,0.0,0.0,4.0,0.0,0.0,0.0,1.0,0.0,0.0,0.0,0.0,0.0,0.0,0.0,1.0,1.0,1.0,0.0,0.0,2.0,1.0,1.0,12.0,6.0,12.0,1.0,1.0,2.0,0.0,1.0,0.0,1.0,1.0,0.0,0.0,2.0,3.0,0.0,0.0,9.0,0.0,0.0,0.0,0.0,0.0,0.0,0.0,0.0,0.0,0.0,0.0,0.0,MRT
154,MS,0.0,0.0,0.0,0.0,0.0,0.0,0.0,0.0,1.0,2.0,21.0,1.0,2.0,0.0,0.0,0.0,0.0,0.0,0.0,0.0,0.0,0.0,0.0,0.0,5.0,1.0,0.0,0.0,0.0,8.0,0.0,0.0,0.0,0.0,1.0,0.0,0.0,0.0,0.0,0.0,4.0,0.0,0.0,0.0,0.0,0.0,0.0,0.0,0.0,0.0,0.0,0.0,0.0,0.0,0.0,MSR
155,MT,0.0,6.0,7.0,19.0,8.0,5.0,6.0,8.0,38.0,6.0,7.0,9.0,26.0,5.0,45.0,194.0,140.0,379.0,140.0,41.0,196.0,342.0,549.0,627.0,774.0,490.0,683.0,282.0,145.0,146.0,287.0,290.0,132.0,192.0,310.0,117.0,164.0,30.0,81.0,130.0,146.0,85.0,21.0,0.0,0.0,0.0,0.0,0.0,0.0,0.0,25.0,15.0,55.0,0.0,0.0,MLT
156,MU,0.0,1.0,7.0,14.0,4.0,8.0,12.0,26.0,11.0,162.0,125.0,143.0,223.0,512.0,1229.0,1169.0,632.0,672.0,221.0,259.0,298.0,293.0,81.0,173.0,1084.0,806.0,1544.0,1666.0,2566.0,2102.0,1600.0,1511.0,1925.0,2409.0,1547.0,1687.0,1581.0,1334.0,1309.0,1230.0,592.0,455.0,361.0,0.0,0.0,0.0,0.0,0.0,0.0,9.0,249.0,328.0,148.0,0.0,0.0,MUS
157,MV,0.0,0.0,1.0,0.0,0.0,1.0,1.0,2.0,0.0,0.0,1.0,0.0,0.0,0.0,0.0,1.0,0.0,7.0,0.0,0.0,1.0,3.0,2.0,17.0,3.0,7.0,5.0,3.0,4.0,12.0,2.0,1.0,4.0,7.0,4.0,5.0,4.0,0.0,0.0,6.0,11.0,15.0,1.0,0.0,0.0,0.0,0.0,0.0,0.0,0.0,0.0,0.0,0.0,0.0,0.0,MDV
158,MW,0.0,0.0,0.0,2.0,9.0,16.0,34.0,629.0,592.0,709.0,858.0,63.0,758.0,945.0,549.0,18.0,82.0,48.0,52.0,59.0,56.0,52.0,9.0,16.0,24.0,10.0,79.0,3.0,27.0,32.0,60.0,68.0,80.0,26.0,33.0,15.0,21.0,43.0,40.0,49.0,42.0,41.0,36.0,0.0,0.0,0.0,0.0,0.0,0.0,0.0,0.0,3.0,12.0,0.0,0.0,MWI
159,MX,0.0,22.0,31.0,46.0,124.0,277.0,1598.0,1753.0,2229.0,2113.0,2000.0,2510.0,3380.0,3391.0,4312.0,3678.0,3332.0,4086.0,2488.0,2040.0,2298.0,2544.0,2015.0,2588.0,2685.0,6827.0,6424.0,3112.0,5450.0,6022.0,7071.0,7659.0,8855.0,10499.0,12338.0,13680.0,13149.0,14898.0,14433.0,12575.0,12897.0,10679.0,4212.0,0.0,0.0,0.0,0.0,0.0,0.0,8.0,176.0,189.0,213.0,0.0,0.0,MEX
160,MY,0.0,2.0,28.0,29.0,40.0,75.0,86.0,189.0,543.0,451.0,462.0,1116.0,1934.0,1842.0,1600.0,2272.0,1342.0,1124.0,1309.0,1397.0,1923.0,1641.0,3212.0,2519.0,6778.0,6972.0,8802.0,9850.0,11945.0,9376.0,14264.0,13573.0,12706.0,11460.0,10235.0,8086.0,8527.0,8396.0,10142.0,8576.0,9073.0,8421.0,2803.0,0.0,0.0,0.0,0.0,0.0,2.0,17.0,63.0,26.0,77.0,0.0,0.0,MYS
161,MZ,0.0,0.0,3.0,0.0,7.0,4.0,1.0,2.0,13.0,31.0,30.0,14.0,9.0,54.0,126.0,117.0,77.0,89.0,113.0,91.0,185.0,597.0,545.0,423.0,493.0,504.0,430.0,440.0,641.0,639.0,777.0,553.0,826.0,651.0,978.0,959.0,1690.0,1571.0,1368.0,708.0,607.0,248.0,826.0,0.0,0.0,0.0,0.0,0.0,0.0,2.0,16.0,5.0,7.0,0.0,0.0,MOZ
162,NC,1.0,1.0,0.0,0.0,1.0,1.0,0.0,0.0,0.0,0.0,0.0,7.0,8.0,3.0,88.0,51.0,60.0,172.0,167.0,210.0,139.0,862.0,1738.0,2376.0,2044.0,2243.0,2472.0,2444.0,1862.0,1305.0,951.0,886.0,810.0,471.0,180.0,22.0,8.0,5.0,6.0,1.0,10.0,19.0,11.0,0.0,0.0,0.0,0.0,0.0,0.0,0.0,40.0,55.0,68.0,0.0,0.0,NCL
163,NE,0.0,0.0,0.0,0.0,0.0,1.0,0.0,0.0,2.0,0.0,6.0,17.0,16.0,6.0,6.0,8.0,29.0,38.0,55.0,11.0,2.0,16.0,5.0,11.0,30.0,14.0,45.0,51.0,85.0,155.0,87.0,148.0,20.0,32.0,62.0,27.0,19.0,20.0,15.0,8.0,19.0,1.0,0.0,0.0,0.0,0.0,0.0,0.0,0.0,0.0,0.0,0.0,1.0,0.0,0.0,NER
164,NF,0.0,0.0,0.0,0.0,0.0,0.0,0.0,0.0,0.0,0.0,1.0,0.0,0.0,0.0,0.0,0.0,0.0,4.0,12.0,13.0,11.0,8.0,36.0,30.0,27.0,17.0,22.0,26.0,10.0,13.0,12.0,1.0,8.0,5.0,4.0,5.0,0.0,0.0,1.0,0.0,0.0,0.0,0.0,0.0,0.0,0.0,0.0,0.0,0.0,0.0,0.0,0.0,0.0,0.0,0.0,NFK
165,NG,0.0,3.0,7.0,14.0,24.0,47.0,177.0,213.0,202.0,232.0,259.0,307.0,316.0,413.0,621.0,448.0,484.0,551.0,465.0,427.0,316.0,223.0,266.0,169.0,121.0,143.0,102.0,113.0,103.0,138.0,97.0,96.0,82.0,53.0,60.0,78.0,43.0,32.0,141.0,20.0,23.0,1025.0,8971.0,0.0,0.0,0.0,0.0,0.0,0.0,1.0,31.0,33.0,15.0,0.0,0.0,NGA
166,NI,1.0,1.0,1.0,3.0,17.0,23.0,111.0,142.0,177.0,120.0,140.0,226.0,147.0,107.0,158.0,417.0,357.0,428.0,570.0,598.0,827.0,1594.0,1489.0,1060.0,1091.0,1008.0,572.0,829.0,827.0,671.0,602.0,518.0,357.0,460.0,314.0,422.0,339.0,426.0,680.0,807.0,926.0,715.0,839.0,0.0,0.0,0.0,0.0,0.0,0.0,0.0,7.0,16.0,1.0,0.0,0.0,NIC
167,NL,1.0,22.0,159.0,124.0,171.0,157.0,393.0,418.0,652.0,4844.0,4307.0,3893.0,3053.0,4413.0,4515.0,5839.0,6693.0,6733.0,4673.0,6024.0,4557.0,3902.0,4633.0,4592.0,5098.0,6424.0,7297.0,6404.0,5426.0,4578.0,3938.0,21698.0,17799.0,23857.0,29857.0,32058.0,29971.0,38289.0,58913.0,48562.0,161402.0,180369.0,151321.0,28.0,0.0,0.0,0.0,0.0,0.0,17.0,174.0,81.0,97.0,0.0,0.0,NLD
168,NO,0.0,8.0,11.0,28.0,11.0,44.0,43.0,49.0,73.0,116.0,83.0,68.0,44.0,78.0,54.0,59.0,107.0,98.0,81.0,86.0,149.0,124.0,117.0,133.0,110.0,156.0,133.0,139.0,145.0,165.0,175.0,152.0,117.0,125.0,208.0,160.0,122.0,105.0,168.0,181.0,174.0,233.0,228.0,0.0,0.0,0.0,0.0,0.0,0.0,0.0,4.0,12.0,11.0,0.0,0.0,NOR
169,NP,0.0,0.0,4.0,11.0,29.0,39.0,64.0,78.0,18.0,25.0,37.0,36.0,47.0,19.0,25.0,19.0,52.0,18.0,15.0,11.0,69.0,6.0,7.0,14.0,4.0,10.0,6.0,9.0,11.0,12.0,7.0,8.0,1.0,25.0,18.0,11.0,8.0,12.0,22.0,47.0,50.0,107.0,83.0,1.0,0.0,0.0,0.0,0.0,0.0,0.0,0.0,2.0,0.0,0.0,0.0,NPL
170,NR,0.0,0.0,0.0,0.0,0.0,0.0,0.0,0.0,0.0,0.0,0.0,1.0,0.0,0.0,1.0,0.0,2.0,0.0,4.0,4.0,2.0,0.0,1.0,0.0,0.0,0.0,2.0,0.0,0.0,0.0,0.0,0.0,0.0,2.0,0.0,0.0,0.0,0.0,0.0,0.0,0.0,0.0,0.0,0.0,0.0,0.0,0.0,0.0,0.0,0.0,0.0,0.0,0.0,0.0,0.0,NRU
171,NT,0.0,0.0,0.0,0.0,0.0,0.0,0.0,0.0,0.0,0.0,0.0,0.0,0.0,0.0,0.0,0.0,0.0,0.0,0.0,0.0,0.0,0.0,0.0,0.0,0.0,0.0,1.0,0.0,0.0,0.0,0.0,0.0,1.0,0.0,0.0,0.0,1.0,0.0,0.0,0.0,0.0,0.0,0.0,0.0,0.0,0.0,0.0,0.0,0.0,0.0,0.0,0.0,0.0,0.0,0.0,NONE
172,NU,0.0,0.0,0.0,0.0,0.0,0.0,0.0,0.0,0.0,0.0,0.0,0.0,0.0,0.0,0.0,0.0,3.0,6.0,8.0,14.0,10.0,4.0,4.0,4.0,13.0,9.0,10.0,11.0,15.0,14.0,10.0,0.0,4.0,18.0,7.0,3.0,0.0,0.0,0.0,0.0,0.0,0.0,0.0,0.0,0.0,0.0,0.0,0.0,0.0,0.0,0.0,0.0,0.0,0.0,0.0,NIU
173,NZ,1.0,1.0,8.0,3.0,3.0,28.0,169.0,133.0,175.0,118.0,91.0,72.0,139.0,117.0,344.0,1310.0,1496.0,586.0,696.0,497.0,746.0,656.0,2974.0,2402.0,1573.0,1222.0,1045.0,874.0,733.0,790.0,388.0,321.0,252.0,458.0,417.0,605.0,454.0,555.0,398.0,364.0,464.0,257.0,323.0,0.0,0.0,0.0,0.0,0.0,0.0,14.0,471.0,633.0,57.0,0.0,0.0,NZL
174,OM,0.0,0.0,0.0,0.0,2.0,5.0,2.0,1.0,3.0,0.0,11.0,4.0,22.0,8.0,12.0,8.0,0.0,7.0,1.0,5.0,24.0,20.0,8.0,11.0,8.0,4.0,9.0,14.0,13.0,4.0,11.0,7.0,2.0,8.0,6.0,19.0,84.0,212.0,313.0,628.0,218.0,446.0,5.0,0.0,0.0,0.0,0.0,0.0,0.0,0.0,0.0,0.0,0.0,0.0,0.0,OMN
175,PA,0.0,1.0,29.0,53.0,290.0,349.0,428.0,537.0,538.0,265.0,226.0,133.0,98.0,133.0,123.0,139.0,145.0,209.0,276.0,358.0,413.0,409.0,378.0,271.0,457.0,857.0,998.0,508.0,595.0,614.0,763.0,867.0,900.0,480.0,756.0,350.0,523.0,507.0,1134.0,1883.0,450.0,647.0,367.0,0.0,0.0,0.0,0.0,0.0,0.0,0.0,4.0,0.0,4.0,0.0,0.0,PAN
176,PC,0.0,0.0,0.0,0.0,0.0,0.0,0.0,6.0,11.0,4.0,16.0,1.0,5.0,26.0,31.0,8.0,0.0,20.0,5.0,113.0,137.0,137.0,154.0,98.0,5.0,4.0,3.0,0.0,0.0,0.0,0.0,0.0,0.0,0.0,0.0,0.0,0.0,0.0,0.0,0.0,0.0,0.0,0.0,0.0,0.0,0.0,0.0,0.0,0.0,0.0,1.0,1.0,0.0,0.0,0.0,NONE
177,PE,0.0,31.0,91.0,179.0,165.0,90.0,140.0,308.0,385.0,554.0,687.0,1091.0,790.0,1066.0,975.0,404.0,1692.0,1114.0,1029.0,2738.0,1086.0,1674.0,2046.0,1322.0,2549.0,1857.0,2941.0,4571.0,5526.0,4131.0,4738.0,1632.0,4526.0,4123.0,3414.0,3053.0,3531.0,3182.0,2876.0,3384.0,4228.0,4843.0,4399.0,490.0,0.0,0.0,0.0,0.0,0.0,71.0,146.0,65.0,50.0,0.0,0.0,PER
178,PF,0.0,0.0,0.0,1.0,0.0,4.0,4.0,2.0,3.0,2.0,3.0,3.0,2.0,4.0,3.0,26.0,42.0,51.0,29.0,39.0,55.0,12.0,99.0,117.0,133.0,134.0,180.0,237.0,160.0,113.0,99.0,33.0,50.0,39.0,17.0,41.0,37.0,56.0,113.0,118.0,139.0,109.0,111.0,0.0,0.0,0.0,0.0,0.0,0.0,0.0,0.0,0.0,0.0,0.0,0.0,PYF
179,PG,1.0,40.0,82.0,112.0,82.0,38.0,38.0,106.0,443.0,531.0,338.0,255.0,1071.0,1209.0,1642.0,2029.0,748.0,717.0,1001.0,874.0,1044.0,899.0,1141.0,788.0,1080.0,1179.0,1022.0,1222.0,1179.0,1130.0,881.0,663.0,724.0,1039.0,706.0,546.0,482.0,525.0,646.0,513.0,387.0,268.0,285.0,0.0,0.0,0.0,0.0,0.0,0.0,0.0,9.0,6.0,4.0,0.0,0.0,PNG
180,PH,1.0,8.0,11.0,18.0,35.0,144.0,511.0,385.0,529.0,710.0,1730.0,3297.0,5098.0,3019.0,3438.0,2832.0,3774.0,7333.0,2468.0,2896.0,2410.0,2398.0,1783.0,1700.0,1970.0,2223.0,2004.0,2368.0,2625.0,2401.0,2547.0,2364.0,2710.0,1442.0,3612.0,4780.0,4963.0,6104.0,4896.0,4978.0,4619.0,4700.0,4026.0,0.0,0.0,0.0,0.0,0.0,0.0,125.0,516.0,90.0,308.0,0.0,0.0,PHL
181,PK,0.0,2.0,10.0,6.0,15.0,11.0,4.0,6.0,15.0,10.0,14.0,32.0,49.0,60.0,100.0,42.0,32.0,24.0,23.0,43.0,27.0,44.0,99.0,290.0,257.0,257.0,265.0,181.0,741.0,402.0,381.0,106.0,95.0,144.0,117.0,78.0,213.0,79.0,144.0,176.0,162.0,138.0,249.0,0.0,0.0,0.0,0.0,0.0,0.0,0.0,4.0,21.0,11.0,0.0,0.0,PAK
182,PL,0.0,0.0,3.0,1.0,1.0,0.0,5.0,7.0,8.0,12.0,15.0,14.0,13.0,26.0,23.0,183.0,153.0,125.0,72.0,143.0,125.0,104.0,166.0,461.0,443.0,295.0,182.0,321.0,286.0,152.0,71.0,52.0,71.0,97.0,25.0,84.0,111.0,80.0,72.0,74.0,98.0,155.0,308.0,0.0,0.0,0.0,0.0,0.0,0.0,1.0,19.0,53.0,45.0,0.0,0.0,POL
183,PM,0.0,0.0,0.0,0.0,0.0,0.0,0.0,0.0,0.0,0.0,0.0,0.0,0.0,0.0,0.0,0.0,0.0,0.0,0.0,0.0,0.0,0.0,0.0,0.0,0.0,0.0,2.0,1.0,0.0,0.0,1.0,0.0,0.0,0.0,0.0,0.0,0.0,0.0,0.0,0.0,0.0,0.0,0.0,0.0,0.0,0.0,0.0,0.0,0.0,0.0,0.0,0.0,0.0,0.0,0.0,SPM
184,PN,0.0,0.0,0.0,0.0,0.0,1.0,0.0,0.0,0.0,0.0,0.0,0.0,0.0,0.0,0.0,0.0,1.0,9.0,0.0,9.0,0.0,0.0,1.0,0.0,0.0,0.0,2.0,0.0,0.0,1.0,0.0,0.0,0.0,0.0,0.0,0.0,0.0,0.0,0.0,0.0,0.0,0.0,0.0,0.0,0.0,0.0,0.0,0.0,0.0,0.0,0.0,0.0,0.0,0.0,0.0,PCN
185,PR,0.0,0.0,0.0,0.0,0.0,0.0,0.0,0.0,3.0,37.0,14.0,0.0,1.0,0.0,6.0,8.0,2.0,0.0,3.0,1.0,3.0,1.0,1.0,3.0,0.0,6.0,11.0,0.0,0.0,3.0,0.0,2.0,1.0,2.0,1.0,0.0,0.0,2.0,0.0,0.0,0.0,0.0,1.0,0.0,0.0,0.0,0.0,0.0,0.0,0.0,2.0,0.0,0.0,0.0,0.0,PRI
186,PS,0.0,0.0,0.0,0.0,0.0,0.0,0.0,0.0,0.0,0.0,0.0,0.0,0.0,0.0,0.0,0.0,0.0,0.0,0.0,0.0,0.0,0.0,0.0,0.0,0.0,0.0,0.0,0.0,0.0,0.0,0.0,0.0,0.0,0.0,0.0,0.0,0.0,0.0,0.0,0.0,0.0,1.0,0.0,0.0,0.0,0.0,0.0,0.0,0.0,0.0,0.0,0.0,0.0,0.0,0.0,PSE
187,PT,2.0,0.0,1.0,2.0,4.0,9.0,6.0,5.0,15.0,10.0,14.0,22.0,75.0,128.0,35.0,28.0,31.0,40.0,51.0,42.0,31.0,36.0,76.0,46.0,146.0,94.0,227.0,125.0,148.0,227.0,119.0,441.0,1220.0,1030.0,978.0,1370.0,2761.0,1719.0,1962.0,2422.0,2374.0,2303.0,2149.0,0.0,0.0,0.0,0.0,0.0,0.0,0.0,11.0,3.0,23.0,0.0,0.0,PRT
188,PW,0.0,0.0,0.0,0.0,0.0,0.0,0.0,0.0,0.0,0.0,0.0,0.0,0.0,0.0,0.0,2.0,2.0,11.0,0.0,14.0,4.0,33.0,2.0,16.0,57.0,111.0,93.0,29.0,47.0,67.0,82.0,65.0,149.0,60.0,189.0,177.0,191.0,189.0,682.0,206.0,216.0,129.0,264.0,0.0,0.0,0.0,0.0,0.0,0.0,0.0,0.0,0.0,0.0,0.0,0.0,PLW
189,PY,2.0,1.0,15.0,32.0,47.0,80.0,273.0,174.0,155.0,117.0,106.0,17.0,50.0,64.0,68.0,31.0,103.0,71.0,239.0,287.0,311.0,470.0,197.0,188.0,229.0,387.0,403.0,511.0,298.0,14.0,51.0,1.0,1.0,2.0,64.0,180.0,294.0,317.0,281.0,345.0,327.0,306.0,153.0,0.0,0.0,0.0,0.0,0.0,0.0,0.0,3.0,6.0,5.0,0.0,0.0,PRY
190,QA,0.0,0.0,0.0,0.0,0.0,1.0,4.0,0.0,1.0,1.0,3.0,2.0,1.0,1.0,1.0,1.0,1.0,1.0,1.0,0.0,5.0,1.0,0.0,5.0,14.0,3.0,8.0,67.0,224.0,248.0,180.0,36.0,79.0,34.0,87.0,104.0,99.0,192.0,193.0,282.0,293.0,518.0,434.0,0.0,0.0,0.0,0.0,0.0,0.0,1.0,2.0,2.0,0.0,0.0,0.0,QAT
191,RE,0.0,0.0,0.0,0.0,0.0,0.0,0.0,0.0,0.0,3.0,8.0,3.0,10.0,6.0,1.0,8.0,0.0,7.0,0.0,5.0,4.0,0.0,0.0,0.0,0.0,7.0,1.0,11.0,0.0,18.0,8.0,10.0,2.0,25.0,4.0,0.0,0.0,3.0,0.0,0.0,29.0,0.0,0.0,0.0,0.0,0.0,0.0,0.0,0.0,0.0,1.0,1.0,0.0,0.0,0.0,REU
192,RO,0.0,0.0,0.0,0.0,0.0,0.0,1.0,1.0,0.0,1.0,1.0,3.0,1.0,3.0,6.0,8.0,19.0,2.0,6.0,37.0,60.0,29.0,78.0,412.0,431.0,560.0,549.0,655.0,567.0,603.0,504.0,520.0,188.0,303.0,244.0,52.0,71.0,79.0,100.0,130.0,121.0,107.0,66.0,1.0,0.0,0.0,0.0,0.0,0.0,0.0,0.0,2.0,3.0,0.0,0.0,ROU
193,RS,0.0,0.0,0.0,0.0,0.0,0.0,0.0,0.0,0.0,0.0,0.0,0.0,0.0,0.0,0.0,0.0,0.0,0.0,0.0,0.0,0.0,0.0,0.0,0.0,0.0,0.0,0.0,0.0,0.0,0.0,0.0,61.0,27.0,128.0,70.0,90.0,28.0,50.0,46.0,93.0,181.0,293.0,309.0,49.0,0.0,0.0,0.0,0.0,0.0,0.0,0.0,0.0,0.0,0.0,0.0,SRB
194,RU,0.0,0.0,0.0,0.0,0.0,0.0,0.0,0.0,0.0,0.0,0.0,0.0,0.0,0.0,0.0,0.0,0.0,604.0,1467.0,1272.0,1061.0,1252.0,1374.0,2006.0,2849.0,3100.0,2409.0,2059.0,2088.0,1877.0,1555.0,602.0,1636.0,1423.0,1407.0,1162.0,1536.0,1254.0,1568.0,7630.0,19661.0,13912.0,13601.0,0.0,0.0,0.0,0.0,0.0,0.0,2.0,99.0,145.0,28.0,0.0,0.0,RUS
195,RW,0.0,0.0,0.0,0.0,2.0,2.0,4.0,2.0,1.0,2.0,12.0,3.0,21.0,33.0,76.0,6.0,3.0,15.0,1.0,2.0,0.0,4.0,1.0,0.0,0.0,0.0,4.0,13.0,8.0,34.0,55.0,22.0,26.0,15.0,20.0,16.0,23.0,13.0,17.0,2.0,8.0,11.0,30.0,0.0,0.0,0.0,0.0,0.0,0.0,1.0,2.0,0.0,1.0,0.0,0.0,RWA
196,SA,0.0,2.0,0.0,0.0,0.0,7.0,17.0,21.0,67.0,71.0,77.0,73.0,56.0,59.0,46.0,88.0,56.0,33.0,38.0,34.0,26.0,30.0,57.0,65.0,238.0,105.0,73.0,104.0,544.0,417.0,22.0,202.0,333.0,290.0,347.0,481.0,786.0,556.0,444.0,25.0,467.0,54.0,51.0,6.0,0.0,0.0,0.0,0.0,0.0,0.0,3.0,0.0,1.0,0.0,0.0,SAU
197,SB,0.0,0.0,0.0,0.0,3.0,0.0,2.0,1.0,1.0,3.0,11.0,5.0,17.0,26.0,91.0,119.0,117.0,152.0,342.0,882.0,2477.0,2899.0,2678.0,2175.0,2500.0,1821.0,2332.0,2313.0,2719.0,2662.0,3793.0,3536.0,2373.0,2383.0,3135.0,2878.0,1371.0,799.0,2203.0,2445.0,808.0,307.0,264.0,0.0,0.0,0.0,0.0,0.0,0.0,0.0,78.0,66.0,124.0,1.0,0.0,SLB
198,SC,1.0,1.0,3.0,66.0,11.0,35.0,45.0,18.0,29.0,21.0,13.0,12.0,3.0,8.0,10.0,7.0,28.0,21.0,16.0,49.0,41.0,50.0,44.0,44.0,16.0,9.0,27.0,50.0,27.0,51.0,68.0,53.0,54.0,45.0,68.0,51.0,73.0,46.0,147.0,99.0,107.0,110.0,22.0,0.0,0.0,0.0,0.0,0.0,0.0,0.0,17.0,3.0,0.0,0.0,0.0,SYC
199,SD,0.0,2.0,6.0,17.0,31.0,49.0,93.0,217.0,154.0,68.0,319.0,78.0,65.0,82.0,162.0,170.0,248.0,333.0,31.0,235.0,187.0,151.0,92.0,48.0,173.0,194.0,131.0,135.0,153.0,222.0,211.0,137.0,137.0,89.0,83.0,230.0,187.0,130.0,224.0,224.0,222.0,244.0,296.0,0.0,0.0,0.0,0.0,0.0,0.0,0.0,9.0,1.0,12.0,0.0,0.0,SDN
200,SE,0.0,2.0,7.0,15.0,38.0,57.0,75.0,96.0,132.0,207.0,170.0,278.0,176.0,137.0,323.0,371.0,274.0,323.0,353.0,302.0,103.0,67.0,86.0,108.0,270.0,590.0,283.0,551.0,749.0,540.0,407.0,254.0,364.0,302.0,181.0,198.0,82.0,116.0,131.0,123.0,172.0,263.0,801.0,0.0,0.0,0.0,0.0,0.0,0.0,2.0,10.0,14.0,30.0,0.0,0.0,SWE
201,SG,0.0,4.0,17.0,37.0,44.0,105.0,559.0,1269.0,1385.0,816.0,933.0,1187.0,3370.0,3613.0,3366.0,3205.0,4655.0,2445.0,5112.0,5084.0,5165.0,3990.0,5200.0,5066.0,5463.0,7451.0,7525.0,7701.0,7893.0,9798.0,12443.0,15328.0,15584.0,14498.0,13619.0,13774.0,22075.0,25250.0,25328.0,15532.0,25242.0,29112.0,25572.0,0.0,0.0,0.0,0.0,0.0,1.0,30.0,81.0,67.0,100.0,0.0,0.0,SGP
202,SH,0.0,1.0,0.0,0.0,0.0,0.0,0.0,0.0,0.0,0.0,0.0,0.0,0.0,0.0,0.0,0.0,0.0,0.0,0.0,0.0,0.0,0.0,0.0,0.0,0.0,0.0,0.0,0.0,0.0,2.0,0.0,0.0,0.0,0.0,1.0,0.0,1.0,0.0,0.0,0.0,1.0,6.0,2.0,0.0,0.0,0.0,0.0,0.0,0.0,0.0,0.0,0.0,0.0,0.0,0.0,SHN
203,SI,0.0,0.0,0.0,0.0,0.0,0.0,0.0,0.0,0.0,0.0,0.0,0.0,0.0,0.0,0.0,0.0,0.0,0.0,3.0,0.0,3.0,2.0,7.0,9.0,18.0,133.0,171.0,237.0,208.0,113.0,92.0,157.0,97.0,66.0,104.0,106.0,165.0,349.0,260.0,161.0,206.0,211.0,312.0,0.0,0.0,0.0,0.0,0.0,0.0,0.0,1.0,5.0,0.0,1.0,0.0,SVN
204,SJ,0.0,0.0,0.0,0.0,0.0,0.0,0.0,0.0,1.0,0.0,0.0,0.0,0.0,0.0,0.0,0.0,0.0,0.0,0.0,0.0,0.0,0.0,0.0,0.0,0.0,0.0,0.0,0.0,10.0,44.0,39.0,37.0,30.0,9.0,7.0,18.0,0.0,0.0,0.0,0.0,0.0,0.0,0.0,0.0,0.0,0.0,0.0,0.0,0.0,0.0,0.0,0.0,0.0,0.0,0.0,SJM
205,SK,0.0,0.0,0.0,0.0,0.0,0.0,0.0,0.0,0.0,0.0,0.0,0.0,0.0,0.0,0.0,0.0,0.0,33.0,156.0,196.0,96.0,166.0,172.0,144.0,216.0,331.0,148.0,163.0,305.0,74.0,57.0,30.0,27.0,21.0,78.0,33.0,4.0,59.0,80.0,77.0,79.0,58.0,75.0,0.0,0.0,0.0,0.0,0.0,0.0,0.0,9.0,7.0,3.0,0.0,0.0,SVK
206,SL,0.0,1.0,41.0,0.0,1.0,7.0,8.0,6.0,7.0,7.0,12.0,16.0,10.0,11.0,9.0,41.0,43.0,19.0,31.0,9.0,4.0,18.0,5.0,10.0,5.0,13.0,3.0,9.0,28.0,28.0,16.0,1.0,48.0,6.0,45.0,21.0,11.0,6.0,3.0,7.0,4.0,409.0,1628.0,0.0,0.0,0.0,0.0,0.0,0.0,1.0,0.0,0.0,0.0,0.0,0.0,SLE
207,SM,0.0,0.0,0.0,0.0,0.0,0.0,0.0,0.0,0.0,0.0,0.0,0.0,0.0,0.0,0.0,0.0,0.0,0.0,0.0,0.0,0.0,0.0,0.0,1.0,0.0,0.0,0.0,0.0,0.0,1.0,56.0,13.0,62.0,88.0,60.0,91.0,25.0,36.0,26.0,31.0,41.0,42.0,2.0,0.0,0.0,0.0,0.0,0.0,0.0,0.0,0.0,0.0,0.0,0.0,0.0,SMR
208,SN,0.0,0.0,4.0,12.0,6.0,22.0,62.0,87.0,86.0,180.0,503.0,1006.0,1572.0,2059.0,5627.0,1430.0,3545.0,2210.0,2007.0,2333.0,4310.0,3950.0,964.0,3787.0,3546.0,4003.0,4352.0,2057.0,1953.0,2495.0,1629.0,469.0,344.0,370.0,609.0,1110.0,175.0,600.0,503.0,456.0,428.0,493.0,100.0,0.0,0.0,0.0,0.0,0.0,0.0,1.0,54.0,368.0,228.0,0.0,0.0,SEN
209,SO,0.0,1.0,3.0,4.0,1.0,9.0,14.0,15.0,8.0,5.0,46.0,128.0,6.0,8.0,7.0,7.0,1.0,1.0,1.0,4.0,1.0,0.0,0.0,0.0,0.0,2.0,2.0,2.0,4.0,5.0,1.0,6.0,0.0,0.0,0.0,2.0,6.0,4.0,0.0,1.0,0.0,0.0,1.0,0.0,0.0,0.0,0.0,0.0,0.0,0.0,0.0,0.0,0.0,0.0,0.0,SOM
210,SR,0.0,5.0,3.0,2.0,24.0,16.0,152.0,185.0,288.0,745.0,760.0,1094.0,904.0,1079.0,1212.0,1181.0,999.0,605.0,1346.0,1612.0,2369.0,1771.0,1868.0,1649.0,1343.0,1612.0,1644.0,2328.0,1475.0,1575.0,1381.0,1413.0,959.0,953.0,734.0,701.0,829.0,424.0,1316.0,863.0,1158.0,394.0,330.0,0.0,0.0,0.0,0.0,0.0,0.0,21.0,207.0,82.0,247.0,0.0,0.0,SUR
211,SS,0.0,0.0,0.0,0.0,0.0,0.0,0.0,0.0,0.0,0.0,0.0,0.0,0.0,0.0,0.0,0.0,0.0,0.0,0.0,0.0,0.0,0.0,0.0,0.0,0.0,0.0,0.0,0.0,0.0,0.0,0.0,0.0,0.0,0.0,0.0,0.0,0.0,0.0,0.0,0.0,0.0,0.0,2.0,0.0,0.0,0.0,0.0,0.0,0.0,0.0,0.0,0.0,0.0,0.0,0.0,NONE
212,ST,0.0,0.0,0.0,0.0,0.0,0.0,0.0,0.0,0.0,0.0,0.0,0.0,1.0,1.0,1.0,0.0,0.0,0.0,4.0,0.0,4.0,15.0,12.0,16.0,17.0,25.0,4.0,2.0,3.0,4.0,5.0,0.0,0.0,1.0,0.0,0.0,0.0,4.0,0.0,0.0,18.0,10.0,4.0,0.0,0.0,0.0,0.0,0.0,0.0,0.0,2.0,2.0,2.0,0.0,0.0,STP
213,SU,0.0,0.0,9.0,38.0,36.0,62.0,134.0,103.0,36.0,131.0,207.0,244.0,338.0,438.0,439.0,152.0,435.0,323.0,0.0,0.0,0.0,0.0,0.0,0.0,0.0,0.0,0.0,3.0,0.0,0.0,0.0,0.0,0.0,0.0,0.0,4.0,1.0,0.0,0.0,0.0,1.0,0.0,0.0,0.0,0.0,0.0,0.0,0.0,0.0,0.0,0.0,0.0,0.0,0.0,0.0,NONE
214,SV,0.0,0.0,0.0,13.0,13.0,31.0,18.0,73.0,88.0,116.0,151.0,45.0,42.0,18.0,38.0,44.0,140.0,234.0,550.0,200.0,527.0,447.0,582.0,497.0,563.0,791.0,751.0,937.0,907.0,1294.0,767.0,1089.0,968.0,405.0,719.0,700.0,556.0,509.0,268.0,588.0,567.0,503.0,384.0,0.0,0.0,0.0,0.0,0.0,0.0,1.0,2.0,2.0,1.0,0.0,0.0,SLV
215,SX,0.0,0.0,0.0,0.0,0.0,0.0,0.0,0.0,0.0,0.0,0.0,0.0,0.0,0.0,0.0,0.0,0.0,0.0,0.0,0.0,0.0,0.0,0.0,0.0,0.0,0.0,0.0,0.0,0.0,0.0,0.0,0.0,0.0,0.0,0.0,0.0,0.0,0.0,3.0,3.0,14.0,16.0,13.0,0.0,0.0,0.0,0.0,0.0,0.0,0.0,0.0,0.0,0.0,0.0,0.0,NONE
216,SY,0.0,0.0,0.0,0.0,0.0,0.0,0.0,1.0,1.0,1.0,1.0,3.0,0.0,5.0,3.0,4.0,1.0,1.0,4.0,1.0,4.0,2.0,10.0,5.0,2.0,16.0,32.0,8.0,65.0,37.0,96.0,31.0,27.0,16.0,21.0,51.0,101.0,75.0,74.0,70.0,145.0,35.0,4.0,0.0,0.0,0.0,0.0,0.0,0.0,0.0,0.0,0.0,0.0,0.0,0.0,SYR
217,SZ,0.0,0.0,0.0,0.0,2.0,1.0,1.0,0.0,0.0,4.0,29.0,3.0,3.0,1.0,2.0,0.0,6.0,8.0,3.0,5.0,7.0,0.0,2.0,8.0,0.0,6.0,16.0,19.0,31.0,16.0,36.0,13.0,6.0,11.0,34.0,5.0,21.0,97.0,13.0,53.0,25.0,2.0,15.0,0.0,0.0,0.0,0.0,0.0,0.0,0.0,0.0,0.0,0.0,0.0,0.0,SWZ
218,TC,0.0,0.0,0.0,0.0,1.0,0.0,0.0,0.0,2.0,0.0,0.0,1.0,1.0,7.0,1.0,3.0,1.0,2.0,12.0,69.0,229.0,314.0,198.0,33.0,146.0,164.0,177.0,176.0,185.0,369.0,421.0,328.0,215.0,311.0,250.0,89.0,58.0,53.0,65.0,81.0,87.0,47.0,32.0,0.0,0.0,0.0,0.0,0.0,0.0,0.0,0.0,0.0,0.0,0.0,0.0,TCA
219,TD,0.0,0.0,0.0,1.0,3.0,7.0,5.0,19.0,12.0,6.0,3.0,11.0,12.0,11.0,13.0,4.0,10.0,13.0,15.0,32.0,19.0,14.0,12.0,13.0,49.0,40.0,98.0,46.0,79.0,65.0,18.0,17.0,26.0,19.0,18.0,46.0,31.0,35.0,12.0,24.0,31.0,8.0,3.0,0.0,0.0,0.0,0.0,0.0,0.0,1.0,0.0,5.0,3.0,3.0,0.0,TCD
220,TF,0.0,0.0,0.0,0.0,0.0,0.0,0.0,0.0,0.0,0.0,0.0,0.0,0.0,0.0,0.0,0.0,0.0,0.0,0.0,0.0,0.0,0.0,0.0,2.0,0.0,2.0,0.0,14.0,0.0,0.0,0.0,0.0,0.0,0.0,0.0,0.0,0.0,0.0,0.0,0.0,0.0,0.0,0.0,0.0,0.0,0.0,0.0,0.0,0.0,0.0,0.0,0.0,0.0,0.0,0.0,ATF
221,TG,0.0,3.0,17.0,15.0,18.0,58.0,98.0,348.0,470.0,730.0,688.0,535.0,521.0,717.0,915.0,1053.0,984.0,761.0,607.0,1357.0,999.0,956.0,506.0,732.0,916.0,565.0,1394.0,1400.0,1287.0,1099.0,927.0,460.0,958.0,786.0,664.0,477.0,703.0,740.0,1042.0,960.0,933.0,409.0,371.0,0.0,0.0,0.0,0.0,0.0,0.0,2.0,33.0,50.0,76.0,0.0,0.0,TGO
222,TH,7.0,45.0,87.0,113.0,152.0,371.0,2833.0,2814.0,2916.0,3312.0,6427.0,11686.0,13146.0,11959.0,12634.0,12593.0,12783.0,9576.0,9429.0,14965.0,16326.0,14004.0,9092.0,5309.0,5787.0,7135.0,8297.0,20090.0,19014.0,23619.0,26300.0,27731.0,19493.0,13666.0,29134.0,18486.0,38902.0,46375.0,48757.0,44745.0,43828.0,38591.0,35192.0,0.0,0.0,0.0,0.0,0.0,0.0,348.0,1317.0,405.0,300.0,0.0,0.0,THA
223,TJ,0.0,0.0,0.0,0.0,0.0,0.0,0.0,0.0,0.0,0.0,0.0,0.0,0.0,0.0,0.0,0.0,0.0,0.0,0.0,0.0,0.0,0.0,0.0,4.0,38.0,27.0,5.0,11.0,27.0,11.0,33.0,31.0,10.0,16.0,17.0,12.0,87.0,86.0,71.0,72.0,116.0,101.0,266.0,0.0,0.0,0.0,0.0,0.0,0.0,0.0,0.0,0.0,0.0,0.0,0.0,TJK
224,TK,0.0,0.0,0.0,0.0,0.0,0.0,0.0,0.0,0.0,0.0,0.0,0.0,0.0,0.0,0.0,1.0,1.0,2.0,0.0,2.0,4.0,8.0,6.0,9.0,3.0,1.0,5.0,15.0,9.0,7.0,10.0,8.0,16.0,19.0,29.0,9.0,20.0,13.0,23.0,8.0,0.0,9.0,6.0,0.0,0.0,0.0,0.0,0.0,0.0,0.0,0.0,0.0,0.0,0.0,0.0,TKL
225,TL,0.0,0.0,0.0,0.0,0.0,0.0,0.0,0.0,0.0,0.0,0.0,0.0,0.0,0.0,0.0,0.0,0.0,0.0,2.0,0.0,0.0,0.0,0.0,0.0,0.0,3.0,1.0,4.0,5.0,0.0,4.0,0.0,0.0,0.0,2.0,0.0,8.0,4.0,4.0,1.0,0.0,1.0,0.0,0.0,0.0,0.0,0.0,0.0,0.0,0.0,0.0,0.0,0.0,0.0,0.0,TLS
226,TM,0.0,0.0,0.0,0.0,0.0,0.0,0.0,0.0,0.0,0.0,0.0,0.0,0.0,0.0,0.0,0.0,0.0,0.0,0.0,0.0,0.0,0.0,3.0,0.0,2.0,5.0,11.0,8.0,18.0,20.0,5.0,1.0,0.0,6.0,8.0,9.0,1.0,0.0,25.0,0.0,1.0,0.0,1.0,0.0,0.0,0.0,0.0,0.0,0.0,0.0,0.0,0.0,0.0,0.0,0.0,TKM
227,TN,0.0,2.0,6.0,1.0,0.0,4.0,41.0,3.0,61.0,47.0,110.0,70.0,31.0,7.0,25.0,6.0,1.0,31.0,6.0,7.0,15.0,23.0,9.0,13.0,3.0,4.0,17.0,46.0,35.0,224.0,376.0,379.0,762.0,771.0,669.0,637.0,802.0,498.0,1081.0,1079.0,877.0,900.0,724.0,0.0,0.0,0.0,0.0,0.0,0.0,0.0,0.0,0.0,0.0,0.0,0.0,TUN
228,TO,0.0,0.0,0.0,0.0,0.0,1.0,8.0,1.0,5.0,10.0,6.0,8.0,13.0,4.0,5.0,67.0,102.0,153.0,539.0,238.0,520.0,525.0,922.0,1744.0,1929.0,2537.0,2923.0,4415.0,5698.0,4901.0,6017.0,8724.0,8720.0,6630.0,4010.0,3046.0,1908.0,2925.0,2399.0,3259.0,2472.0,3582.0,2774.0,0.0,0.0,0.0,0.0,0.0,0.0,0.0,16.0,40.0,34.0,0.0,0.0,TON
229,TR,0.0,2.0,8.0,5.0,6.0,7.0,11.0,5.0,9.0,48.0,26.0,22.0,59.0,61.0,61.0,86.0,90.0,100.0,96.0,112.0,101.0,115.0,226.0,422.0,410.0,342.0,373.0,432.0,505.0,712.0,1031.0,676.0,739.0,653.0,564.0,555.0,699.0,869.0,1136.0,1055.0,943.0,1000.0,317.0,0.0,0.0,0.0,0.0,0.0,0.0,1.0,14.0,13.0,14.0,0.0,0.0,TUR
230,TT,0.0,2.0,0.0,0.0,1.0,3.0,8.0,10.0,19.0,39.0,28.0,12.0,184.0,328.0,432.0,169.0,143.0,243.0,111.0,122.0,111.0,82.0,91.0,84.0,78.0,133.0,110.0,127.0,54.0,138.0,34.0,70.0,56.0,64.0,32.0,18.0,39.0,36.0,34.0,9.0,9.0,19.0,6.0,0.0,0.0,0.0,0.0,0.0,0.0,0.0,7.0,4.0,7.0,0.0,0.0,TTO
231,TV,0.0,0.0,0.0,0.0,0.0,0.0,0.0,0.0,0.0,0.0,0.0,1.0,1.0,0.0,0.0,1.0,0.0,0.0,0.0,1.0,1.0,0.0,0.0,3.0,0.0,0.0,0.0,1.0,0.0,0.0,0.0,0.0,0.0,1.0,0.0,0.0,0.0,0.0,0.0,0.0,0.0,0.0,0.0,0.0,0.0,0.0,0.0,0.0,0.0,0.0,0.0,0.0,0.0,0.0,0.0,TUV
232,TW,0.0,22.0,38.0,41.0,50.0,58.0,540.0,816.0,856.0,808.0,2313.0,3198.0,3764.0,4083.0,2316.0,3005.0,3889.0,5976.0,4532.0,5029.0,4589.0,4549.0,4959.0,5221.0,5596.0,6772.0,6806.0,2230.0,8211.0,8600.0,11634.0,12563.0,13340.0,12999.0,13828.0,12828.0,14325.0,12864.0,12324.0,11948.0,10600.0,11671.0,10155.0,0.0,0.0,0.0,0.0,0.0,0.0,314.0,368.0,30.0,34.0,0.0,0.0,TWN
233,TZ,0.0,0.0,4.0,29.0,32.0,66.0,160.0,1332.0,1048.0,1240.0,1946.0,3332.0,2740.0,2606.0,2165.0,2669.0,2410.0,1652.0,2260.0,3627.0,3170.0,3548.0,3582.0,4375.0,4927.0,5218.0,5183.0,5556.0,5252.0,4011.0,4919.0,5044.0,2724.0,3481.0,3946.0,3405.0,2207.0,1443.0,1748.0,2896.0,2733.0,774.0,910.0,0.0,0.0,0.0,0.0,0.0,0.0,10.0,285.0,244.0,271.0,0.0,0.0,TZA
234,UA,0.0,0.0,0.0,0.0,0.0,0.0,0.0,0.0,0.0,0.0,0.0,0.0,0.0,0.0,0.0,0.0,0.0,2.0,7.0,10.0,18.0,8.0,11.0,16.0,24.0,127.0,361.0,299.0,552.0,533.0,399.0,434.0,671.0,482.0,570.0,382.0,435.0,653.0,792.0,571.0,529.0,640.0,213.0,0.0,0.0,0.0,0.0,0.0,0.0,0.0,1.0,3.0,0.0,0.0,0.0,UKR
235,UG,0.0,0.0,1.0,16.0,12.0,7.0,21.0,5.0,6.0,3.0,13.0,12.0,17.0,19.0,5.0,34.0,16.0,5.0,10.0,19.0,5.0,21.0,20.0,14.0,3.0,140.0,690.0,234.0,585.0,497.0,135.0,78.0,68.0,62.0,136.0,139.0,146.0,101.0,112.0,95.0,82.0,101.0,21.0,0.0,0.0,0.0,0.0,0.0,0.0,0.0,1.0,1.0,1.0,0.0,0.0,UGA
236,UM,0.0,0.0,0.0,0.0,0.0,0.0,0.0,0.0,3.0,0.0,1.0,0.0,0.0,34.0,9.0,0.0,0.0,0.0,3.0,0.0,0.0,0.0,15.0,23.0,0.0,1.0,1.0,3.0,0.0,0.0,1.0,0.0,0.0,0.0,0.0,0.0,0.0,0.0,0.0,0.0,0.0,0.0,0.0,0.0,0.0,0.0,0.0,0.0,0.0,0.0,0.0,0.0,0.0,0.0,0.0,UMI
237,US,4.0,65.0,329.0,646.0,1858.0,3792.0,11384.0,11940.0,14761.0,10761.0,13617.0,14575.0,17694.0,24026.0,23058.0,23426.0,24380.0,23520.0,25236.0,21698.0,22661.0,24815.0,23213.0,21779.0,24125.0,25863.0,24469.0,25008.0,27689.0,27346.0,28400.0,30986.0,31268.0,37099.0,38199.0,31344.0,30163.0,31473.0,29460.0,28241.0,26131.0,25359.0,30855.0,7.0,0.0,0.0,0.0,0.0,18.0,352.0,3886.0,3939.0,3988.0,0.0,0.0,USA
238,UY,0.0,0.0,9.0,44.0,20.0,102.0,25.0,41.0,64.0,53.0,50.0,132.0,122.0,185.0,72.0,143.0,147.0,75.0,104.0,58.0,63.0,39.0,42.0,66.0,43.0,81.0,41.0,99.0,277.0,325.0,268.0,251.0,253.0,218.0,275.0,265.0,283.0,415.0,387.0,254.0,226.0,437.0,304.0,0.0,0.0,0.0,0.0,0.0,0.0,0.0,1.0,0.0,9.0,0.0,0.0,URY
239,UZ,0.0,0.0,0.0,0.0,0.0,0.0,0.0,0.0,0.0,0.0,0.0,0.0,0.0,0.0,0.0,0.0,0.0,0.0,1.0,2.0,3.0,0.0,0.0,77.0,94.0,96.0,141.0,201.0,221.0,221.0,185.0,145.0,145.0,193.0,242.0,265.0,250.0,399.0,537.0,464.0,414.0,606.0,606.0,0.0,0.0,0.0,0.0,0.0,0.0,0.0,0.0,4.0,4.0,0.0,0.0,UZB
240,VA,0.0,0.0,0.0,0.0,0.0,0.0,0.0,0.0,0.0,0.0,0.0,0.0,2.0,0.0,0.0,0.0,0.0,0.0,1.0,0.0,0.0,0.0,0.0,1.0,2.0,0.0,3.0,0.0,2.0,0.0,1.0,0.0,0.0,0.0,0.0,1.0,0.0,1.0,1.0,1.0,0.0,0.0,1.0,0.0,0.0,0.0,0.0,0.0,0.0,0.0,0.0,0.0,0.0,0.0,0.0,VAT
241,VC,0.0,0.0,0.0,0.0,0.0,0.0,1.0,1.0,0.0,0.0,1.0,0.0,0.0,0.0,0.0,1.0,1.0,3.0,7.0,14.0,21.0,9.0,28.0,7.0,5.0,15.0,8.0,22.0,19.0,50.0,35.0,43.0,30.0,14.0,37.0,42.0,94.0,26.0,33.0,59.0,59.0,40.0,6.0,0.0,0.0,0.0,0.0,0.0,0.0,0.0,0.0,0.0,0.0,0.0,0.0,VCT
242,VE,0.0,2.0,1.0,8.0,63.0,47.0,275.0,220.0,213.0,95.0,361.0,452.0,439.0,542.0,837.0,810.0,944.0,881.0,586.0,854.0,556.0,421.0,513.0,344.0,485.0,374.0,1043.0,1076.0,1708.0,1636.0,401.0,553.0,2238.0,1423.0,1614.0,492.0,754.0,679.0,278.0,348.0,141.0,160.0,169.0,0.0,0.0,0.0,0.0,0.0,0.0,8.0,11.0,21.0,30.0,0.0,0.0,VEN
243,VG,0.0,0.0,0.0,0.0,1.0,0.0,0.0,2.0,0.0,0.0,2.0,2.0,1.0,4.0,0.0,1.0,0.0,1.0,2.0,0.0,3.0,5.0,6.0,10.0,5.0,5.0,1.0,2.0,20.0,25.0,17.0,4.0,5.0,1.0,6.0,5.0,3.0,0.0,21.0,23.0,6.0,38.0,8.0,0.0,0.0,0.0,0.0,0.0,0.0,0.0,0.0,1.0,0.0,0.0,0.0,VGB
244,VI,0.0,0.0,0.0,0.0,0.0,1.0,1.0,0.0,1.0,0.0,0.0,1.0,3.0,7.0,1.0,0.0,1.0,0.0,6.0,5.0,3.0,0.0,2.0,1.0,0.0,0.0,4.0,12.0,49.0,8.0,1.0,0.0,1.0,0.0,0.0,0.0,0.0,0.0,0.0,0.0,0.0,0.0,0.0,0.0,0.0,0.0,0.0,0.0,0.0,0.0,0.0,0.0,0.0,0.0,0.0,VIR
245,VN,0.0,0.0,1.0,2.0,2.0,8.0,5.0,5.0,6.0,5.0,7.0,1.0,31.0,40.0,46.0,33.0,79.0,165.0,284.0,443.0,504.0,293.0,468.0,953.0,1300.0,1715.0,1377.0,1493.0,1739.0,1888.0,2915.0,3637.0,4311.0,4951.0,3991.0,4635.0,5663.0,6963.0,5762.0,7578.0,6978.0,6993.0,2790.0,0.0,0.0,0.0,0.0,0.0,0.0,6.0,43.0,61.0,103.0,0.0,0.0,VNM
246,VU,0.0,0.0,0.0,0.0,0.0,1.0,2.0,0.0,0.0,0.0,1.0,8.0,1.0,4.0,42.0,92.0,96.0,142.0,191.0,220.0,98.0,90.0,734.0,852.0,471.0,1240.0,823.0,698.0,656.0,334.0,374.0,649.0,907.0,842.0,399.0,283.0,111.0,100.0,109.0,85.0,16.0,78.0,55.0,0.0,0.0,0.0,0.0,0.0,0.0,0.0,5.0,1.0,2.0,0.0,0.0,VUT
247,WF,0.0,0.0,0.0,0.0,0.0,0.0,0.0,0.0,0.0,0.0,0.0,0.0,0.0,0.0,0.0,0.0,0.0,0.0,0.0,0.0,0.0,0.0,0.0,0.0,0.0,0.0,0.0,64.0,0.0,0.0,0.0,5.0,2.0,5.0,0.0,0.0,0.0,0.0,0.0,0.0,1.0,0.0,0.0,0.0,0.0,0.0,0.0,0.0,0.0,0.0,0.0,0.0,0.0,0.0,0.0,WLF
248,WS,0.0,0.0,0.0,0.0,0.0,0.0,3.0,2.0,2.0,0.0,1.0,4.0,1.0,26.0,13.0,19.0,15.0,24.0,62.0,37.0,53.0,86.0,157.0,198.0,198.0,188.0,237.0,205.0,165.0,189.0,91.0,1.0,56.0,67.0,67.0,60.0,19.0,13.0,18.0,12.0,14.0,10.0,10.0,0.0,0.0,0.0,0.0,0.0,0.0,0.0,1.0,0.0,0.0,0.0,0.0,WSM
249,XV,0.0,0.0,0.0,0.0,0.0,0.0,0.0,0.0,0.0,0.0,0.0,0.0,0.0,0.0,0.0,0.0,0.0,0.0,0.0,0.0,0.0,0.0,0.0,0.0,1.0,0.0,0.0,0.0,7.0,2.0,0.0,0.0,0.0,12.0,75.0,113.0,131.0,226.0,300.0,84.0,135.0,3.0,0.0,0.0,0.0,0.0,0.0,0.0,0.0,0.0,0.0,0.0,0.0,0.0,0.0,NONE
250,XX,4.0,33.0,75.0,60.0,69.0,279.0,781.0,856.0,1712.0,914.0,695.0,768.0,955.0,1123.0,1138.0,1425.0,1076.0,800.0,748.0,647.0,847.0,786.0,768.0,1345.0,624.0,508.0,479.0,774.0,761.0,1896.0,957.0,708.0,604.0,352.0,993.0,458.0,262.0,139.0,190.0,265.0,838.0,215.0,199.0,0.0,0.0,0.0,0.0,0.0,0.0,21.0,71.0,96.0,37.0,0.0,0.0,NONE
251,YD,0.0,0.0,0.0,0.0,0.0,0.0,0.0,0.0,0.0,0.0,0.0,0.0,0.0,0.0,0.0,1.0,0.0,0.0,0.0,0.0,0.0,0.0,0.0,0.0,0.0,0.0,0.0,0.0,0.0,0.0,0.0,0.0,0.0,0.0,0.0,0.0,0.0,0.0,0.0,0.0,0.0,0.0,0.0,0.0,0.0,0.0,0.0,0.0,0.0,0.0,0.0,0.0,0.0,0.0,0.0,NONE
252,YE,0.0,0.0,0.0,0.0,0.0,0.0,0.0,0.0,1.0,0.0,0.0,3.0,1.0,1.0,18.0,2.0,4.0,3.0,9.0,2.0,4.0,7.0,15.0,4.0,30.0,8.0,20.0,7.0,2.0,6.0,14.0,4.0,2.0,77.0,20.0,32.0,0.0,37.0,2.0,1.0,0.0,5.0,0.0,0.0,0.0,0.0,0.0,0.0,0.0,0.0,1.0,0.0,0.0,0.0,0.0,YEM
253,YT,0.0,0.0,0.0,0.0,0.0,0.0,0.0,0.0,0.0,0.0,0.0,0.0,0.0,0.0,0.0,0.0,0.0,0.0,0.0,0.0,0.0,0.0,1.0,0.0,0.0,0.0,1.0,1.0,3.0,3.0,162.0,17.0,19.0,16.0,0.0,10.0,0.0,0.0,0.0,0.0,0.0,0.0,0.0,0.0,0.0,0.0,0.0,0.0,0.0,0.0,0.0,0.0,0.0,0.0,0.0,MYT
254,YU,1.0,2.0,6.0,5.0,4.0,8.0,3.0,3.0,4.0,10.0,12.0,14.0,7.0,16.0,21.0,20.0,6.0,8.0,3.0,17.0,9.0,8.0,3.0,7.0,15.0,9.0,19.0,78.0,18.0,1.0,1.0,0.0,0.0,0.0,36.0,15.0,0.0,0.0,0.0,0.0,4.0,0.0,0.0,0.0,0.0,0.0,0.0,0.0,0.0,0.0,1.0,2.0,0.0,0.0,0.0,NONE
255,ZA,1.0,69.0,131.0,248.0,692.0,800.0,2240.0,3098.0,2926.0,4110.0,5640.0,6383.0,5026.0,5901.0,5310.0,3213.0,3106.0,4059.0,4298.0,5932.0,5182.0,4132.0,6252.0,8813.0,12271.0,14017.0,14281.0,15097.0,15365.0,12274.0,11879.0,12212.0,12584.0,19449.0,22032.0,18107.0,18824.0,17292.0,16565.0,20536.0,19386.0,19818.0,15613.0,22.0,0.0,0.0,0.0,0.0,0.0,17.0,479.0,1096.0,1109.0,0.0,0.0,ZAF
256,ZC,2.0,1.0,5.0,6.0,8.0,20.0,29.0,32.0,64.0,30.0,36.0,76.0,89.0,132.0,128.0,182.0,258.0,494.0,105.0,0.0,1.0,0.0,0.0,0.0,0.0,0.0,0.0,0.0,0.0,0.0,0.0,0.0,0.0,0.0,0.0,0.0,0.0,0.0,0.0,0.0,0.0,0.0,0.0,0.0,0.0,0.0,0.0,0.0,0.0,0.0,0.0,0.0,0.0,0.0,0.0,NONE
257,ZM,0.0,5.0,16.0,20.0,39.0,76.0,217.0,224.0,356.0,323.0,413.0,1064.0,693.0,1266.0,710.0,511.0,789.0,724.0,353.0,905.0,1064.0,835.0,533.0,1209.0,1181.0,659.0,453.0,169.0,492.0,818.0,1430.0,1529.0,1476.0,1583.0,1375.0,1355.0,1816.0,2066.0,627.0,629.0,561.0,603.0,408.0,0.0,0.0,0.0,0.0,0.0,0.0,5.0,31.0,80.0,93.0,0.0,0.0,ZMB
258,ZW,0.0,7.0,7.0,3.0,28.0,83.0,436.0,631.0,4021.0,2696.0,4301.0,4634.0,4355.0,6696.0,7000.0,2869.0,2761.0,3012.0,2872.0,2797.0,5327.0,2626.0,1995.0,2089.0,2423.0,6844.0,6263.0,3595.0,3499.0,2599.0,3613.0,3553.0,2565.0,3879.0,3971.0,5196.0,4902.0,8473.0,7132.0,5118.0,4879.0,3480.0,1188.0,3.0,0.0,0.0,0.0,0.0,0.0,406.0,885.0,1163.0,1722.0,0.0,0.0,ZWE
259,ZZ,0.0,0.0,0.0,0.0,1.0,3.0,0.0,1.0,0.0,1.0,0.0,0.0,1.0,2.0,10.0,5.0,5.0,6.0,3.0,12.0,10.0,13.0,16.0,131.0,47.0,39.0,93.0,55.0,44.0,61.0,47.0,56.0,47.0,55.0,87.0,183.0,284.0,180.0,436.0,247.0,259.0,129.0,165.0,0.0,0.0,0.0,0.0,0.0,0.0,0.0,1.0,1.0,0.0,0.0,0.0,NONE
