,State,1990,1991,1992,1993,1994,1995,1996,1997,1998,1999,2000,2001,2002,2003,2004,2005,2006,2007,2008,2009,2010,2011,2012,2013,2014,2015,2016,Percent,Absolute,Longitude,Latitude,Percent_Change_1991_1990,Percent_Change_1992_1990,Percent_Change_1993_1990,Percent_Change_1994_1990,Percent_Change_1995_1990,Percent_Change_1996_1990,Percent_Change_1997_1990,Percent_Change_1998_1990,Percent_Change_1999_1990,Percent_Change_2000_1990,Percent_Change_2001_1990,Percent_Change_2002_1990,Percent_Change_2003_1990,Percent_Change_2004_1990,Percent_Change_2005_1990,Percent_Change_2006_1990,Percent_Change_2007_1990,Percent_Change_2008_1990,Percent_Change_2009_1990,Percent_Change_2010_1990,Percent_Change_2011_1990,Percent_Change_2012_1990,Percent_Change_2013_1990,Percent_Change_2014_1990,Percent_Change_2015_1990,Percent_Change_2016_1990
0,Alabama,25.5,25.8,28.7,27.4,28.4,29.1,29.9,29.0,26.5,26.8,26.1,22.7,22.5,23.7,24.1,22.7,22.1,21.5,21.1,17.4,18.8,19.3,21.4,21.1,22.1,21.0,21.1,-33.4%,-10.6,-86.68348391132947,32.624818960315395,1.1764705882352968,12.549019607843134,7.450980392156857,11.372549019607838,14.117647058823534,17.25490196078431,13.725490196078432,3.9215686274509802,5.098039215686277,2.3529411764705936,-10.980392156862747,-11.76470588235294,-7.058823529411767,-5.490196078431367,-10.980392156862747,-13.333333333333327,-15.686274509803921,-17.25490196078431,-31.764705882352946,-26.274509803921564,-24.313725490196074,-16.078431372549026,-17.25490196078431,-13.333333333333327,-17.647058823529413,-17.25490196078431
1,Alaska,16.3,17.9,19.4,19.1,18.6,22.1,23.2,21.8,22.4,21.3,21.3,21.5,21.9,21.7,20.9,22.4,19.0,19.2,17.0,17.4,16.8,17.0,17.4,17.3,17.0,16.9,16.8,147.1%,10.0,-154.1049168421551,61.494633991601496,9.815950920245385,19.018404907975448,17.17791411042945,14.110429447852765,35.582822085889575,42.33128834355827,33.74233128834356,37.423312883435564,30.67484662576687,30.67484662576687,31.90184049079754,34.35582822085888,33.12883435582821,28.220858895705508,37.423312883435564,16.564417177914105,17.791411042944777,4.294478527607358,6.748466257668698,3.067484662576687,4.294478527607358,6.748466257668698,6.134969325153374,4.294478527607358,3.6809815950920117,3.067484662576687
2,Arizona,3.9,4.0,4.0,4.0,4.4,4.7,4.9,5.0,4.7,4.8,4.8,4.9,4.3,4.1,4.6,5.0,5.1,4.9,5.5,4.3,4.7,5.1,5.0,4.6,4.5,4.4,4.6,-13.2%,-0.7,-111.93368809976756,34.16977999870033,2.5641025641025665,2.5641025641025665,2.5641025641025665,12.820512820512834,20.51282051282052,25.641025641025657,28.20512820512821,20.51282051282052,23.076923076923077,23.076923076923077,25.641025641025657,10.256410256410255,5.1282051282051215,17.948717948717942,28.20512820512821,30.769230769230766,25.641025641025657,41.02564102564103,10.256410256410255,20.51282051282052,30.769230769230766,28.20512820512821,17.948717948717942,15.384615384615389,12.820512820512834,17.948717948717942
3,Arkansas,9.5,8.2,9.7,9.8,10.6,11.6,11.4,11.7,11.6,11.2,11.4,11.3,10.7,10.8,10.5,10.1,10.1,10.0,10.6,8.1,9.0,9.0,8.6,9.2,9.1,8.3,8.2,-23.4%,-2.5,-92.13136814730896,34.751481341407754,-13.684210526315796,2.1052631578947296,3.157894736842113,11.578947368421048,22.105263157894733,20.000000000000004,23.157894736842096,22.105263157894733,17.894736842105257,20.000000000000004,18.947368421052637,12.631578947368412,13.684210526315796,10.526315789473683,6.315789473684206,6.315789473684206,5.263157894736842,11.578947368421048,-14.736842105263163,-5.263157894736842,-5.263157894736842,-9.473684210526319,-3.157894736842113,-4.210526315789478,-12.631578947368412,-13.684210526315796
4,California,67.2,67.9,68.8,65.9,65.3,63.6,65.3,70.1,68.5,66.7,67.3,69.3,70.3,70.7,74.2,70.8,70.0,68.1,66.5,62.7,65.1,65.0,65.0,68.9,68.6,68.8,68.8,4.2%,2.8,-119.25893420059809,37.2689865508361,1.0416666666666707,2.3809523809523725,-1.934523809523805,-2.8273809523809605,-5.3571428571428585,-2.8273809523809605,4.315476190476178,1.934523809523805,-0.744047619047619,0.14880952380951534,3.124999999999991,4.613095238095229,5.208333333333333,10.416666666666666,5.357142857142849,4.1666666666666625,1.3392857142857015,-1.0416666666666707,-6.696428571428571,-3.1250000000000124,-3.273809523809528,-3.273809523809528,2.529761904761909,2.0833333333333206,2.3809523809523725,2.3809523809523725
5,Colorado,6.4,7.4,7.6,8.3,7.8,7.7,7.9,8.3,8.8,8.4,9.3,12.8,12.1,11.8,12.5,13.4,13.5,13.4,13.8,13.4,14.4,13.0,13.3,13.3,14.1,14.4,14.3,36.2%,3.8,-105.54653433386612,38.996184486813995,15.625,18.74999999999999,29.687500000000007,21.874999999999993,20.312499999999996,23.4375,29.687500000000007,37.50000000000001,31.25,45.31250000000001,100.0,89.06249999999999,84.375,95.31249999999999,109.375,110.93749999999997,109.375,115.625,109.375,125.0,103.12499999999997,107.8125,107.8125,120.31249999999997,125.0,123.4375
6,Connecticut,3.0,3.2,3.4,3.5,3.1,2.8,3.0,2.8,2.7,2.7,2.8,2.6,2.5,3.0,2.8,2.9,2.8,2.5,1.9,2.1,2.0,2.1,2.0,2.2,2.1,1.9,1.8,-71.4%,-4.5,-72.75674325127324,41.522910245423326,6.666666666666672,13.33333333333333,16.666666666666664,3.333333333333336,-6.666666666666672,0.0,-6.666666666666672,-9.999999999999993,-9.999999999999993,-6.666666666666672,-13.33333333333333,-16.666666666666664,0.0,-6.666666666666672,-3.333333333333336,-6.666666666666672,-16.666666666666664,-36.66666666666667,-30.0,-33.33333333333333,-30.0,-33.33333333333333,-26.66666666666666,-30.0,-36.66666666666667,-40.0
7,Delaware,2.9,2.8,3.0,3.3,3.5,3.4,3.3,3.1,3.1,3.4,3.7,3.7,3.2,2.9,3.1,3.3,3.1,3.0,2.8,1.5,0.8,2.7,3.1,3.2,3.1,3.2,3.4,-12.8%,-0.5,-75.41835880264054,39.144860603673656,-3.448275862068969,3.448275862068969,13.79310344827586,20.689655172413797,17.24137931034483,13.79310344827586,6.896551724137938,6.896551724137938,17.24137931034483,27.586206896551737,27.586206896551737,10.344827586206906,0.0,6.896551724137938,13.79310344827586,6.896551724137938,3.448275862068969,-3.448275862068969,-48.275862068965516,-72.41379310344827,-6.896551724137923,6.896551724137938,10.344827586206906,6.896551724137938,10.344827586206906,17.24137931034483
8,District of Columbia,0.0,0.0,0.0,0.0,0.0,0.0,0.0,0.0,0.0,0.1,0.0,0.1,0.1,0.1,0.1,0.1,0.1,0.0,0.0,0.0,0.0,0.0,0.0,0.0,0.0,0.0,0.0,-100.0%,-0.3,-77.01661651028331,38.89088754438629,,,,,,,,,inf,,inf,inf,inf,inf,inf,inf,,,,,,,,,,
9,Florida,12.4,11.8,13.4,14.7,15.5,16.9,16.9,15.7,16.0,16.2,15.3,14.5,13.0,13.9,12.8,13.1,13.2,11.9,11.6,10.4,11.8,10.4,10.7,11.1,10.9,11.7,12.0,-36.8%,-7.0,-83.83831121052137,27.979766789918585,-4.838709677419352,8.064516129032258,18.548387096774185,24.999999999999996,36.290322580645146,36.290322580645146,26.612903225806445,29.032258064516125,30.64516129032257,23.38709677419355,16.935483870967737,4.838709677419352,12.096774193548386,3.2258064516129057,5.645161290322575,6.451612903225798,-4.032258064516129,-6.451612903225811,-16.129032258064516,-4.838709677419352,-16.129032258064516,-13.709677419354845,-10.483870967741941,-12.096774193548386,-5.645161290322589,-3.2258064516129057
10,Georgia,18.9,18.4,18.4,17.9,18.6,19.6,20.2,19.5,18.0,17.9,19.0,18.4,18.2,19.0,19.1,19.2,18.2,16.8,15.5,13.6,14.6,14.0,13.3,14.0,14.6,13.4,13.3,-19.4%,-3.2,-83.25185689899675,32.68082922876843,-2.6455026455026456,-2.6455026455026456,-5.291005291005291,-1.5873015873015723,3.703703703703719,6.878306878306882,3.174603174603182,-4.761904761904755,-5.291005291005291,0.5291005291005366,-2.6455026455026456,-3.7037037037037,0.5291005291005366,1.0582010582010732,1.587301587301591,-3.7037037037037,-11.1111111111111,-17.989417989417984,-28.04232804232804,-22.751322751322746,-25.92592592592592,-29.629629629629623,-25.92592592592592,-22.751322751322746,-29.100529100529094,-29.629629629629623
11,Hawaii,2.1,2.0,2.0,2.0,2.3,2.3,2.4,2.1,1.6,1.4,1.4,1.4,1.5,1.6,1.5,1.8,1.9,1.7,1.6,1.6,1.5,1.6,1.5,1.4,1.4,1.4,1.3,-27.8%,-0.5,-157.516751085128,20.575453090217934,-4.761904761904765,-4.761904761904765,-4.761904761904765,9.523809523809511,9.523809523809511,14.285714285714276,0.0,-23.809523809523807,-33.33333333333334,-33.33333333333334,-33.33333333333334,-28.571428571428577,-23.809523809523807,-28.571428571428577,-14.285714285714288,-9.52380952380953,-19.04761904761905,-23.809523809523807,-23.809523809523807,-28.571428571428577,-23.809523809523807,-28.571428571428577,-33.33333333333334,-33.33333333333334,-33.33333333333334,-38.095238095238095
12,Idaho,3.5,4.0,3.4,3.5,3.6,3.8,4.1,3.6,3.7,3.7,4.2,4.0,3.8,3.5,3.8,4.0,3.5,3.5,3.3,3.3,3.4,3.6,3.3,3.5,3.6,3.4,3.4,-10.5%,-0.4,-114.14184603145195,45.497274995139726,14.285714285714285,-2.85714285714286,0.0,2.85714285714286,8.571428571428566,17.14285714285713,2.85714285714286,5.71428571428572,5.71428571428572,20.000000000000004,14.285714285714285,8.571428571428566,0.0,8.571428571428566,14.285714285714285,0.0,0.0,-5.71428571428572,-5.71428571428572,-2.85714285714286,2.85714285714286,-5.71428571428572,0.0,2.85714285714286,-2.85714285714286,-2.85714285714286
13,Illinois,42.1,42.4,41.9,43.3,44.6,44.8,45.8,46.4,43.3,42.9,40.6,37.1,36.6,36.0,36.3,36.4,35.7,36.2,35.3,29.7,35.3,36.6,36.7,37.6,38.1,34.3,33.9,-40.2%,-22.8,-89.51209675156687,39.74809300028514,0.7125890736341975,-0.47505938242280954,2.8503562945368066,5.938242280285035,6.413301662707828,8.788598574821842,10.213776722090254,2.8503562945368066,1.9002375296912046,-3.5629453681710213,-11.87648456057007,-13.064133016627078,-14.48931116389549,-13.776722090261293,-13.539192399049888,-15.201900237529687,-14.01425178147268,-16.152019002375305,-29.45368171021378,-16.152019002375305,-13.064133016627078,-12.826603325415672,-10.688836104513063,-9.501187648456057,-18.52731591448932,-19.477434679334923
14,Indiana,52.9,50.4,48.6,47.5,43.0,45.4,47.4,47.5,47.8,48.6,52.7,53.2,52.9,53.6,54.6,51.4,50.6,50.2,47.0,40.3,46.1,44.9,43.2,44.9,43.4,41.9,42.0,-35.1%,-22.7,-86.44446799923962,39.770882296601854,-4.725897920604915,-8.128544423440449,-10.207939508506614,-18.71455576559546,-14.177693761814744,-10.396975425330814,-10.207939508506614,-9.640831758034029,-8.128544423440449,-0.37807183364838515,0.5671077504725979,0.0,1.3232514177693815,3.213610586011348,-2.835538752362949,-4.347826086956517,-5.1039697542533,-11.153119092627598,-23.818525519848773,-12.854442344045363,-15.122873345935728,-18.33648393194706,-15.122873345935728,-17.958412098298677,-20.793950850661627,-20.604914933837428
15,Iowa,10.9,11.8,12.1,13.4,14.0,14.6,14.0,13.6,14.3,15.0,14.9,14.5,14.4,13.3,14.8,14.6,15.1,16.2,17.9,17.3,18.6,18.9,17.7,19.2,18.9,18.8,19.5,45.5%,6.1,-93.39175299369869,41.93670200422355,8.256880733944957,11.0091743119266,22.93577981651376,28.44036697247706,33.94495412844036,28.44036697247706,24.770642201834857,31.19266055045872,37.61467889908256,36.69724770642201,33.027522935779814,32.11009174311926,22.018348623853214,35.77981651376147,33.94495412844036,38.53211009174311,48.62385321100916,64.22018348623851,58.71559633027523,70.64220183486239,73.39449541284402,62.38532110091742,76.14678899082567,73.39449541284402,72.47706422018348,78.89908256880733
16,Kansas,16.0,15.3,16.4,15.6,17.6,13.8,14.3,15.5,13.9,14.3,14.0,12.5,13.7,14.0,12.8,11.0,12.8,16.2,12.6,11.3,11.6,11.6,11.8,11.7,11.7,12.2,12.8,-24.3%,-4.1,-98.32637995376105,38.49593176023882,-4.374999999999996,2.499999999999991,-2.500000000000002,10.000000000000009,-13.749999999999996,-10.624999999999996,-3.125,-13.124999999999998,-10.624999999999996,-12.5,-21.875,-14.375000000000004,-12.5,-19.999999999999996,-31.25,-19.999999999999996,1.2499999999999956,-21.250000000000004,-29.374999999999996,-27.500000000000004,-27.500000000000004,-26.249999999999996,-26.875000000000004,-26.875000000000004,-23.750000000000004,-19.999999999999996
17,Kentucky,17.4,16.0,16.2,17.7,17.5,19.2,19.6,18.8,17.3,16.6,16.2,17.2,17.0,16.2,17.2,17.3,18.1,17.8,17.3,14.8,16.6,16.9,15.0,14.3,14.0,14.0,13.5,-24.2%,-4.3,-85.7639032059621,37.81931710267671,-8.045977011494246,-6.896551724137928,1.7241379310344869,0.5747126436781691,10.344827586206902,12.643678160919558,8.045977011494266,-0.5747126436781487,-4.597701149425271,-6.896551724137928,-1.1494252873563178,-2.2988505747126355,-6.896551724137928,-1.1494252873563178,-0.5747126436781487,4.022988505747143,2.298850574712656,-0.5747126436781487,-14.942528735632173,-4.597701149425271,-2.873563218390805,-13.793103448275856,-17.816091954022976,-19.540229885057464,-19.540229885057464,-22.41379310344827
18,Louisiana,106.2,101.9,106.3,108.3,110.7,110.4,113.4,120.0,104.7,103.7,115.9,100.6,106.0,105.1,115.0,107.2,121.4,129.0,134.4,120.2,125.1,124.5,120.0,113.3,113.1,112.5,121.7,0.7%,0.9,-91.53179415196469,30.981539061324927,-4.048964218455741,0.09416195856873287,1.9774011299434975,4.23728813559322,3.954802259887008,6.779661016949155,12.994350282485872,-1.4124293785310735,-2.354048964218456,9.13370998116761,-5.273069679849349,-0.18832391713747915,-1.0357815442561287,8.286252354048962,0.9416195856873822,14.312617702448213,21.46892655367231,26.55367231638418,13.182674199623351,17.796610169491515,17.231638418079093,12.994350282485872,6.685499058380409,6.49717514124293,5.932203389830506,14.595103578154426
19,Maine,3.5,4.1,5.5,5.2,6.5,5.1,5.2,4.6,3.9,3.6,4.5,3.7,4.1,2.5,3.5,3.3,3.4,3.5,3.2,2.9,2.8,2.7,2.4,2.4,1.9,1.7,1.5,-44.4%,-1.2,-69.02839016064647,45.272192530623634,17.14285714285713,57.14285714285714,48.57142857142858,85.71428571428571,45.7142857142857,48.57142857142858,31.428571428571416,11.428571428571425,2.85714285714286,28.57142857142857,5.71428571428572,17.14285714285713,-28.57142857142857,0.0,-5.71428571428572,-2.85714285714286,0.0,-8.571428571428566,-17.142857142857146,-20.000000000000004,-22.85714285714285,-31.428571428571434,-31.428571428571434,-45.714285714285715,-51.42857142857144,-57.14285714285714
20,Maryland,10.7,8.9,5.8,6.0,6.0,5.7,6.3,6.6,5.5,5.3,5.4,6.2,5.9,5.6,5.7,5.8,5.5,5.0,4.8,3.9,3.8,3.7,3.2,2.6,2.7,2.5,2.2,-84.9%,-12.4,-77.2677438959766,38.84785799541689,-16.822429906542048,-45.794392523364486,-43.92523364485981,-43.92523364485981,-46.72897196261682,-41.1214953271028,-38.31775700934579,-48.59813084112149,-50.467289719626166,-49.53271028037383,-42.05607476635513,-44.85981308411214,-47.66355140186916,-46.72897196261682,-45.794392523364486,-48.59813084112149,-53.271028037383175,-55.140186915887845,-63.55140186915887,-64.48598130841121,-65.42056074766354,-70.09345794392523,-75.70093457943925,-74.76635514018692,-76.63551401869158,-79.4392523364486
21,Massachusetts,5.8,5.1,6.9,7.1,6.1,5.4,5.4,5.5,5.4,6.1,5.9,7.1,6.9,4.5,4.3,4.6,4.5,4.4,3.9,3.2,3.6,3.9,3.4,3.6,3.5,3.5,3.4,-27.7%,-1.3,-71.70830989229937,42.062578593468544,-12.068965517241383,18.96551724137932,22.413793103448274,5.172413793103446,-6.896551724137923,-6.896551724137923,-5.172413793103446,-6.896551724137923,5.172413793103446,1.7241379310344922,22.413793103448274,18.96551724137932,-22.413793103448274,-25.862068965517242,-20.689655172413797,-22.413793103448274,-24.13793103448275,-32.758620689655174,-44.82758620689655,-37.93103448275862,-32.758620689655174,-41.37931034482759,-37.93103448275862,-39.655172413793096,-39.655172413793096,-41.37931034482759
22,Michigan,33.1,30.1,30.4,26.1,28.6,28.9,29.6,27.5,26.0,29.7,28.0,26.3,24.7,23.7,24.4,24.9,23.3,20.6,20.1,15.3,17.6,18.0,17.8,19.8,19.6,19.6,17.6,-57.8%,-24.1,-86.4140178179582,44.93564504981842,-9.06344410876133,-8.157099697885204,-21.148036253776432,-13.595166163141995,-12.68882175226587,-10.574018126888216,-16.918429003021153,-21.45015105740182,-10.271903323262846,-15.407854984894264,-20.54380664652568,-25.377643504531726,-28.398791540785506,-26.283987915407863,-24.773413897280975,-29.607250755287012,-37.7643504531722,-39.274924471299094,-53.776435045317214,-46.82779456193353,-45.61933534743203,-46.22356495468278,-40.181268882175225,-40.78549848942598,-40.78549848942598,-46.82779456193353
23,Minnesota,12.3,11.8,13.1,13.6,13.9,14.3,16.0,15.1,15.1,14.5,14.8,13.4,13.8,13.8,14.4,14.6,14.5,15.4,16.9,15.2,17.2,17.3,17.1,17.9,18.6,16.5,17.0,28.8%,3.8,-93.38005476091804,46.43491611688506,-4.0650406504065035,6.5040650406503975,10.569105691056901,13.00813008130081,16.260162601626014,30.08130081300812,22.764227642276413,22.764227642276413,17.88617886178861,20.32520325203252,8.943089430894306,12.195121951219512,12.195121951219512,17.073170731707314,18.699186991869908,17.88617886178861,25.203252032520325,37.398373983739816,23.57723577235771,39.837398373983724,40.65040650406504,39.02439024390244,45.52845528455283,51.21951219512195,34.14634146341463,38.21138211382113
24,Mississippi,12.0,11.1,11.5,10.7,10.2,10.2,10.7,9.9,9.0,11.7,10.8,10.8,10.9,10.9,11.4,10.6,10.9,10.9,10.5,9.7,11.0,10.4,10.8,10.9,10.8,10.7,10.2,4.1%,0.4,-89.86707553977061,32.59998842943143,-7.500000000000003,-4.166666666666666,-10.83333333333334,-15.000000000000005,-15.000000000000005,-10.83333333333334,-17.499999999999996,-25.0,-2.500000000000006,-9.999999999999993,-9.999999999999993,-9.166666666666663,-9.166666666666663,-4.9999999999999964,-11.66666666666667,-9.166666666666663,-9.166666666666663,-12.5,-19.166666666666675,-8.333333333333332,-13.33333333333333,-9.999999999999993,-9.166666666666663,-9.999999999999993,-10.83333333333334,-15.000000000000005
25,Missouri,9.1,8.5,8.4,9.1,9.2,9.5,9.6,10.1,9.2,10.1,9.0,9.2,9.9,9.7,10.7,10.5,10.0,10.3,8.8,7.8,7.9,7.1,7.8,8.2,8.6,8.5,8.1,-38.6%,-5.1,-92.43625670317988,38.299720386273066,-6.5934065934065895,-7.6923076923076845,0.0,1.098901098901095,4.3956043956043995,5.4945054945054945,10.989010989010989,1.098901098901095,10.989010989010989,-1.098901098901095,1.098901098901095,8.791208791208799,6.5934065934065895,17.582417582417577,15.384615384615389,9.890109890109894,13.186813186813199,-3.296703296703285,-14.285714285714285,-13.186813186813179,-21.978021978021978,-14.285714285714285,-9.890109890109894,-5.4945054945054945,-6.5934065934065895,-10.989010989010989
26,Montana,3.5,3.4,3.3,4.1,4.0,4.4,4.0,3.7,3.4,3.5,3.5,3.8,3.7,4.0,4.4,4.7,5.2,5.4,5.1,4.3,3.6,3.7,4.1,4.2,4.1,4.0,3.8,-29.6%,-1.6,-110.05330181148427,46.67683321059721,-2.85714285714286,-5.71428571428572,17.14285714285713,14.285714285714285,25.714285714285722,14.285714285714285,5.71428571428572,-2.85714285714286,0.0,0.0,8.571428571428566,5.71428571428572,14.285714285714285,25.714285714285722,34.28571428571429,48.57142857142858,54.28571428571429,45.7142857142857,22.85714285714285,2.85714285714286,5.71428571428572,17.14285714285713,20.000000000000004,17.14285714285713,14.285714285714285,8.571428571428566
27,Nebraska,4.7,4.6,4.8,5.5,5.7,5.7,5.2,5.6,6.4,5.6,5.9,6.1,6.1,6.0,6.2,6.1,6.8,7.6,7.7,7.4,8.0,8.6,9.2,9.3,9.2,9.2,9.5,61.0%,3.6,-99.68245830974188,41.497828646262114,-2.1276595744680966,2.1276595744680775,17.021276595744677,21.27659574468085,21.27659574468085,10.638297872340425,19.148936170212753,36.17021276595745,19.148936170212753,25.531914893617024,29.78723404255318,29.78723404255318,27.6595744680851,31.914893617021274,29.78723404255318,44.68085106382978,61.70212765957446,63.82978723404255,57.446808510638306,70.2127659574468,82.9787234042553,95.74468085106382,97.87234042553192,95.74468085106382,95.74468085106382,102.12765957446808
28,Nevada,2.2,2.3,2.6,2.6,2.8,3.1,2.7,2.9,2.8,2.7,2.6,2.5,2.2,2.1,2.5,2.8,2.9,2.9,2.8,2.7,2.8,1.8,2.2,2.5,3.3,2.2,3.2,166.7%,2.0,-117.01685840293631,38.497775750925676,4.545454545454529,18.181818181818176,18.181818181818176,27.272727272727256,40.9090909090909,22.727272727272727,31.818181818181802,27.272727272727256,22.727272727272727,18.181818181818176,13.636363636363628,0.0,-4.545454545454549,13.636363636363628,27.272727272727256,31.818181818181802,31.818181818181802,27.272727272727256,22.727272727272727,27.272727272727256,-18.181818181818183,0.0,13.636363636363628,49.99999999999998,0.0,45.45454545454545
29,New Hampshire,0.9,0.8,1.2,1.4,1.2,1.1,1.1,1.0,1.0,1.0,1.3,1.3,1.1,1.2,1.2,1.0,1.2,0.9,0.9,0.8,0.8,0.8,0.7,0.8,0.9,0.8,0.8,-20.0%,-0.2,-71.64378368730809,44.00003635595354,-11.111111111111107,33.33333333333333,55.55555555555555,33.33333333333333,22.22222222222223,22.22222222222223,11.111111111111107,11.111111111111107,11.111111111111107,44.44444444444445,44.44444444444445,22.22222222222223,33.33333333333333,33.33333333333333,11.111111111111107,33.33333333333333,0.0,0.0,-11.111111111111107,-11.111111111111107,-11.111111111111107,-22.22222222222223,-11.111111111111107,0.0,-11.111111111111107,-11.111111111111107
30,New Jersey,13.0,13.3,17.0,16.9,17.7,17.5,17.3,17.3,16.5,17.3,10.5,11.9,11.4,11.6,11.7,11.7,10.8,10.4,8.6,7.2,8.3,8.6,9.1,9.4,9.2,9.1,9.6,-59.1%,-13.9,-74.73319124635816,40.15362776503852,2.307692307692313,30.76923076923077,29.99999999999999,36.153846153846146,34.61538461538461,33.07692307692308,33.07692307692308,26.923076923076923,33.07692307692308,-19.230769230769234,-8.46153846153846,-12.307692307692305,-10.769230769230772,-10.000000000000005,-10.000000000000005,-16.92307692307692,-20.0,-33.84615384615385,-44.61538461538461,-36.153846153846146,-33.84615384615385,-30.000000000000004,-27.69230769230769,-29.230769230769237,-30.000000000000004,-26.153846153846157
31,New Mexico,7.4,7.3,7.4,7.1,7.1,7.4,8.0,7.3,6.4,6.5,7.7,7.8,7.1,7.6,8.1,7.8,7.4,8.6,7.7,7.0,7.0,7.2,7.3,7.1,7.5,7.3,7.4,2.8%,0.2,-106.024373602431,34.171606609132056,-1.3513513513513586,0.0,-4.054054054054063,-4.054054054054063,0.0,8.108108108108103,-1.3513513513513586,-13.513513513513512,-12.162162162162167,4.054054054054052,5.405405405405398,-4.054054054054063,2.7027027027026933,9.459459459459449,5.405405405405398,0.0,16.216216216216207,4.054054054054052,-5.40540540540541,-5.40540540540541,-2.702702702702705,-1.3513513513513586,-4.054054054054063,1.3513513513513467,-1.3513513513513586,0.0
32,New York,19.1,18.5,19.2,20.0,20.3,22.2,22.8,22.0,20.6,16.3,16.5,14.2,12.9,12.5,11.9,12.4,11.7,11.3,10.6,8.7,9.2,9.4,9.0,9.2,9.0,9.2,8.3,-75.9%,-26.1,-75.81661085191729,42.756071058893546,-3.14136125654451,0.5235602094240727,4.712041884816746,6.282722513089,16.230366492146583,19.371727748691097,15.18324607329842,7.853403141361256,-14.659685863874348,-13.612565445026185,-25.654450261780116,-32.460732984293195,-34.554973821989535,-37.696335078534034,-35.07853403141362,-38.74345549738221,-40.83769633507853,-44.50261780104713,-54.45026178010471,-51.832460732984295,-50.78534031413613,-52.87958115183247,-51.832460732984295,-52.87958115183247,-51.832460732984295,-56.54450261780105
33,North Carolina,17.5,17.0,18.6,18.0,17.3,18.5,18.6,18.5,17.1,15.8,16.7,15.5,14.8,14.2,14.5,14.7,13.9,13.0,12.0,10.5,11.5,11.1,10.6,11.0,10.7,10.4,10.4,-33.8%,-5.3,-79.8901769699535,35.235966213469794,-2.857142857142857,6.2857142857142945,2.857142857142857,-1.1428571428571388,5.714285714285714,6.2857142857142945,5.714285714285714,-2.2857142857142776,-9.71428571428571,-4.571428571428576,-11.428571428571429,-15.428571428571425,-18.85714285714286,-17.142857142857142,-16.000000000000004,-20.57142857142857,-25.71428571428571,-31.428571428571427,-40.0,-34.285714285714285,-36.57142857142857,-39.42857142857143,-37.142857142857146,-38.85714285714286,-40.57142857142857,-40.57142857142857
34,North Dakota,11.0,11.1,11.7,11.5,11.9,12.4,11.7,11.5,11.6,11.4,12.2,12.8,12.1,12.1,11.6,12.3,12.7,12.6,13.0,12.4,13.9,15.0,15.6,16.0,17.1,16.2,15.1,387.1%,12.0,-100.3074610431158,47.46542444933821,0.909090909090906,6.363636363636357,4.545454545454546,8.181818181818185,12.727272727272732,6.363636363636357,4.545454545454546,5.4545454545454515,3.63636363636364,10.909090909090903,16.36363636363637,9.999999999999996,9.999999999999996,5.4545454545454515,11.818181818181825,15.454545454545448,14.545454545454541,18.181818181818183,12.727272727272732,26.363636363636367,36.36363636363637,41.81818181818181,45.45454545454545,55.45454545454547,47.272727272727266,37.272727272727266
35,Ohio,48.4,44.4,46.0,44.0,44.3,43.2,42.7,41.0,39.9,39.5,37.5,36.4,34.9,36.5,35.4,36.2,36.8,35.9,34.7,29.1,33.7,32.9,34.8,36.5,38.6,36.8,35.5,-54.0%,-41.7,-82.66603335345671,40.19369155865036,-8.264462809917356,-4.958677685950411,-9.090909090909088,-8.471074380165293,-10.743801652892554,-11.776859504132222,-15.289256198347104,-17.56198347107438,-18.388429752066113,-22.52066115702479,-24.793388429752067,-27.892561983471076,-24.58677685950413,-26.859504132231404,-25.20661157024793,-23.966942148760335,-25.82644628099174,-28.30578512396694,-39.87603305785123,-30.371900826446275,-32.02479338842975,-28.099173553719016,-24.58677685950413,-20.247933884297513,-23.966942148760335,-26.65289256198347
36,Oklahoma,22.7,20.5,21.6,22.9,22.5,22.6,21.7,22.4,20.2,19.9,18.5,17.6,17.4,19.0,19.8,20.5,22.6,20.9,22.0,19.1,20.0,20.6,21.3,21.5,22.6,22.0,22.8,11.8%,2.4,-98.71313075511728,35.31130734056482,-9.691629955947134,-4.845814977973559,0.8810572687224639,-0.8810572687224639,-0.4405286343612241,-4.405286343612335,-1.3215859030837036,-11.013215859030838,-12.334801762114541,-18.502202643171803,-22.4669603524229,-23.348017621145377,-16.299559471365637,-12.775330396475765,-9.691629955947134,-0.4405286343612241,-7.929515418502206,-3.0837004405286312,-15.859030837004395,-11.894273127753301,-9.251101321585894,-6.1674008810572625,-5.286343612334799,-0.4405286343612241,-3.0837004405286312,0.4405286343612398
37,Oregon,4.5,4.8,5.2,5.9,5.8,6.3,6.7,6.9,7.4,7.7,6.2,5.6,6.0,5.3,5.7,5.3,5.7,5.4,5.4,4.7,4.6,5.1,5.0,4.8,5.0,4.9,5.1,-15.0%,-0.9,-120.51501783529685,44.1118818988146,6.6666666666666625,15.555555555555559,31.111111111111118,28.888888888888886,40.0,48.88888888888889,53.33333333333334,64.44444444444444,71.11111111111111,37.777777777777786,24.444444444444436,33.33333333333333,17.77777777777777,26.66666666666667,17.77777777777777,26.66666666666667,20.000000000000007,20.000000000000007,4.444444444444448,2.2222222222222143,13.333333333333325,11.11111111111111,6.6666666666666625,11.11111111111111,8.888888888888896,13.333333333333325
38,Pennsylvania,62.0,55.7,60.1,59.9,60.2,59.8,59.9,59.1,48.2,47.4,47.8,46.6,46.2,47.1,46.8,45.3,45.5,44.4,43.7,33.6,39.7,40.8,41.3,48.9,52.8,50.2,45.6,-48.4%,-42.7,-77.61305379693977,40.99332034735468,-10.16129032258064,-3.064516129032256,-3.3870967741935507,-2.903225806451608,-3.5483870967741984,-3.3870967741935507,-4.677419354838707,-22.25806451612903,-23.548387096774196,-22.90322580645162,-24.838709677419352,-25.48387096774193,-24.032258064516128,-24.516129032258068,-26.935483870967747,-26.61290322580645,-28.387096774193548,-29.51612903225806,-45.806451612903224,-35.967741935483865,-34.193548387096776,-33.38709677419355,-21.129032258064516,-14.83870967741936,-19.032258064516125,-26.4516129032258
39,Rhode Island,0.7,1.8,3.0,1.0,2.7,2.3,1.9,1.7,2.6,2.2,0.7,0.6,0.5,0.6,0.6,0.6,0.6,0.6,0.5,0.7,0.6,0.6,0.6,0.6,0.6,0.6,0.6,-33.3%,-0.3,-71.49190553686694,41.66824150496447,157.14285714285717,328.57142857142856,42.85714285714287,285.7142857142857,228.57142857142856,171.42857142857144,142.85714285714286,271.4285714285715,214.28571428571433,0.0,-14.285714285714283,-28.571428571428566,-14.285714285714283,-14.285714285714283,-14.285714285714283,-14.285714285714283,-14.285714285714283,-28.571428571428566,0.0,-14.285714285714283,-14.285714285714283,-14.285714285714283,-14.285714285714283,-14.285714285714283,-14.285714285714283,-14.285714285714283
40,South Carolina,12.9,12.7,13.0,13.9,13.4,13.2,12.6,13.3,12.8,12.1,12.6,12.3,12.7,12.7,12.3,11.7,10.7,9.8,8.9,7.5,7.8,7.8,7.1,7.4,7.7,7.6,7.6,-40.6%,-5.2,-80.96506934569395,33.63826519203516,-1.5503875968992331,0.7751937984496096,7.751937984496124,3.875968992248062,2.325581395348829,-2.3255813953488427,3.1007751937984525,-0.7751937984496096,-6.201550387596905,-2.3255813953488427,-4.651162790697672,-1.5503875968992331,-1.5503875968992331,-4.651162790697672,-9.302325581395356,-17.054263565891482,-24.03100775193798,-31.007751937984494,-41.86046511627907,-39.53488372093024,-39.53488372093024,-44.96124031007752,-42.63565891472868,-40.310077519379846,-41.085271317829466,-41.085271317829466
41,South Dakota,2.3,2.1,2.0,2.4,2.5,2.3,2.4,2.4,2.2,2.3,2.6,2.1,2.4,2.4,2.3,2.3,2.2,2.9,3.2,3.3,3.4,3.7,3.6,4.0,3.8,3.9,3.9,95.0%,1.9,-100.25021545553749,44.21600325217472,-8.695652173913032,-13.04347826086956,4.347826086956526,8.695652173913052,0.0,4.347826086956526,4.347826086956526,-4.347826086956506,0.0,13.043478260869579,-8.695652173913032,4.347826086956526,4.347826086956526,0.0,0.0,-4.347826086956506,26.086956521739136,39.13043478260872,43.47826086956522,47.82608695652175,60.86956521739132,56.5217391304348,73.91304347826089,65.21739130434783,69.56521739130436,69.56521739130436
42,Tennessee,18.0,17.9,19.1,19.2,19.3,19.1,18.8,19.6,19.3,18.5,18.2,18.8,18.2,18.1,17.4,17.3,17.4,17.3,16.6,14.4,15.4,15.8,15.5,16.4,16.4,16.1,16.2,-3.6%,-0.6,-85.97886026013985,35.83422151108732,-0.5555555555555635,6.11111111111112,6.6666666666666625,7.222222222222226,6.11111111111112,4.444444444444448,8.888888888888896,7.222222222222226,2.7777777777777777,1.1111111111111072,4.444444444444448,1.1111111111111072,0.5555555555555635,-3.333333333333341,-3.888888888888885,-3.333333333333341,-3.888888888888885,-7.77777777777777,-20.0,-14.444444444444443,-12.222222222222218,-13.88888888888889,-8.888888888888896,-8.888888888888896,-10.555555555555546,-10.000000000000004
43,Texas,195.6,194.0,191.9,195.1,198.6,203.9,224.4,238.8,230.0,203.7,211.1,206.2,201.2,202.3,197.3,156.5,163.2,153.7,129.8,115.0,139.1,141.7,155.3,161.5,155.3,162.3,198.0,-5.4%,-11.3,-100.07872540954037,31.169735055284065,-0.817995910020447,-1.8916155419222849,-0.2556237218813906,1.5337423312883436,4.24335378323109,14.723926380368106,22.085889570552155,17.586912065439677,4.141104294478525,7.924335378323108,5.419222903885477,2.862985685071572,3.425357873210643,0.8691206543967368,-19.98977505112474,-16.564417177914116,-21.421267893660534,-33.640081799590995,-41.20654396728016,-28.88548057259714,-27.556237218813912,-20.603271983640074,-17.433537832310837,-20.603271983640074,-17.024539877300604,1.2269938650306778
44,Utah,9.6,9.0,8.8,9.1,9.1,10.3,9.9,10.0,11.4,9.0,10.5,9.3,6.2,6.4,7.5,8.7,7.7,7.9,7.5,6.4,6.7,6.9,7.5,8.0,7.8,7.6,7.4,-32.1%,-3.5,-111.54523970593996,39.497023427899855,-6.2499999999999964,-8.333333333333323,-5.208333333333334,-5.208333333333334,7.2916666666666785,3.1250000000000075,4.1666666666666705,18.750000000000007,-6.2499999999999964,9.375000000000004,-3.124999999999989,-35.416666666666664,-33.33333333333333,-21.874999999999996,-9.375000000000004,-19.791666666666664,-17.708333333333325,-21.874999999999996,-33.33333333333333,-30.208333333333332,-28.124999999999993,-21.874999999999996,-16.666666666666664,-18.75,-20.833333333333336,-22.91666666666666
45,Vermont,0.5,0.5,0.6,0.6,0.5,0.4,0.4,0.7,0.5,0.7,0.6,0.5,0.5,0.5,0.6,0.6,0.6,0.5,0.5,0.5,0.5,0.6,0.5,0.4,0.4,0.4,0.4,-20.0%,-0.1,-72.47068649982991,43.86960209912007,0.0,19.999999999999996,19.999999999999996,0.0,-19.999999999999996,-19.999999999999996,39.99999999999999,0.0,39.99999999999999,19.999999999999996,0.0,0.0,0.0,19.999999999999996,19.999999999999996,19.999999999999996,0.0,0.0,0.0,0.0,19.999999999999996,0.0,-19.999999999999996,-19.999999999999996,-19.999999999999996,-19.999999999999996
46,Virginia,19.6,20.1,18.9,17.3,17.7,17.6,17.5,17.8,17.6,17.2,17.3,16.7,16.6,17.6,17.8,17.9,16.9,17.1,16.5,12.7,13.0,12.9,13.0,13.0,12.7,11.8,11.7,-29.9%,-5.0,-79.45869804287975,37.9993108594586,2.551020408163265,-3.571428571428586,-11.734693877551024,-9.69387755102042,-10.20408163265306,-10.71428571428572,-9.183673469387758,-10.20408163265306,-12.244897959183684,-11.734693877551024,-14.79591836734695,-15.30612244897959,-10.20408163265306,-9.183673469387758,-8.673469387755116,-13.775510204081645,-12.755102040816327,-15.816326530612251,-35.204081632653065,-33.673469387755105,-34.18367346938776,-33.673469387755105,-33.673469387755105,-35.204081632653065,-39.795918367346935,-40.3061224489796
47,Washington,11.0,10.4,10.8,10.9,12.5,12.1,12.8,12.7,13.5,12.9,10.7,11.4,9.9,9.8,9.7,10.0,10.8,10.9,11.1,10.0,10.5,10.8,10.8,10.9,10.4,10.6,11.0,-6.8%,-0.8,-120.82595111961113,47.271512035035954,-5.4545454545454515,-1.818181818181812,-0.909090909090906,13.636363636363635,9.999999999999996,16.36363636363637,15.454545454545448,22.727272727272727,17.272727272727277,-2.7272727272727337,3.63636363636364,-9.999999999999996,-10.909090909090903,-11.818181818181825,-9.090909090909092,-1.818181818181812,-0.909090909090906,0.909090909090906,-9.090909090909092,-4.545454545454546,-1.818181818181812,-1.818181818181812,-0.909090909090906,-5.4545454545454515,-3.63636363636364,0.0
48,West Virginia,18.1,15.8,14.5,15.3,16.1,14.9,13.2,11.9,14.1,12.2,12.6,11.9,13.6,11.4,11.5,10.5,10.6,11.8,11.5,9.0,11.2,11.4,10.7,11.0,11.9,11.2,10.2,-54.5%,-12.2,-80.18731287000378,38.921056611047504,-12.707182320441992,-19.889502762430947,-15.46961325966851,-11.049723756906078,-17.67955801104973,-27.0718232044199,-34.25414364640884,-22.099447513812162,-32.59668508287294,-30.38674033149172,-34.25414364640884,-24.86187845303868,-37.01657458563537,-36.464088397790064,-41.988950276243095,-41.4364640883978,-34.806629834254146,-36.464088397790064,-50.27624309392266,-38.121546961325976,-37.01657458563537,-40.883977900552495,-39.22651933701658,-34.25414364640884,-38.121546961325976,-43.64640883977901
49,Wisconsin,14.5,14.8,14.7,15.3,15.8,15.8,16.1,16.5,15.4,17.0,18.0,17.0,17.2,15.3,16.2,15.7,14.9,15.0,14.3,12.5,12.6,13.0,12.6,13.8,14.3,13.7,13.0,-19.3%,-3.1,-89.92655483982475,44.720816158834246,2.0689655172413843,1.3793103448275814,5.51724137931035,8.965517241379315,8.965517241379315,11.0344827586207,13.793103448275861,6.206896551724141,17.24137931034483,24.137931034482758,17.24137931034483,18.62068965517241,5.51724137931035,11.724137931034479,8.275862068965512,2.758620689655175,3.4482758620689653,-1.3793103448275814,-13.793103448275861,-13.10344827586207,-10.344827586206897,-13.10344827586207,-4.827586206896547,-1.3793103448275814,-5.51724137931035,-10.344827586206897
50,Wyoming,10.1,9.7,11.7,10.1,10.4,9.9,10.0,10.0,10.3,9.6,9.5,9.7,9.9,10.0,9.8,9.7,10.7,12.2,12.3,11.5,12.0,13.0,12.9,12.3,12.0,10.5,10.7,-0.9%,-0.1,-107.5525670460471,42.998541031216924,-3.960396039603964,15.84158415841584,0.0,2.9702970297029774,-1.9801980198019733,-0.9900990099009866,-0.9900990099009866,1.980198019801991,-4.9504950495049505,-5.940594059405938,-3.960396039603964,-1.9801980198019733,-0.9900990099009866,-2.9702970297029596,-3.960396039603964,5.940594059405938,20.79207920792079,21.782178217821794,13.861386138613865,18.811881188118814,28.712871287128717,27.72277227722773,21.782178217821794,18.811881188118814,3.960396039603964,5.940594059405938
